ID,Smiles,Tg,Polymer type
P020177.mol,*C(C*)(C(=O)OC)c1ccccc1,121.0,"Polystyrenes, Polyacrylics, Polyvinyls"
P030177.mol,*C(C*)(CC(=O)OCCCCCCC)C(=O)OCCCCCCC,-23.67,"Polyacrylics, Polyvinyls"
P040001.mol,*C(C*)C(=O)O,112.62,"Polyacrylics, Polyvinyls"
P040002.mol,*C(C*)C(=O)OC,10.78,"Polyacrylics, Polyvinyls"
P040003.mol,*C(C*)C(=O)OCC,-9.27,"Polyacrylics, Polyvinyls"
P040004.mol,*C(C*)C(=O)OCCC,-41.5,"Polyacrylics, Polyvinyls"
P040005.mol,*C(C*)C(=O)OC(C)C,-8.38,"Polyacrylics, Polyvinyls"
P040006.mol,*C(C*)C(=O)OCCCC,-31.07,"Polyacrylics, Polyvinyls"
P040007.mol,*C(C*)C(=O)OCC(C)C,25.0,"Polyacrylics, Polyvinyls"
P040008.mol,*C(C*)C(=O)OC(CC)C,-20.4,"Polyacrylics, Polyvinyls"
P040010.mol,*C(C*)C(=O)OC(C)(C)C,40.66,"Polyacrylics, Polyvinyls"
P040011.mol,*C(C*)C(=O)OCCCCCC,-57.0,"Polyacrylics, Polyvinyls"
P040012.mol,*C(C*)C(=O)OCCCCCCC,-60.0,"Polyacrylics, Polyvinyls"
P040013.mol,*C(C*)C(=O)OCCCCCCCC,-65.0,"Polyacrylics, Polyvinyls"
P040017.mol,*C(C*)C(=O)OCCCCCCCCCCCCCCCCCC,-42.5,"Polyacrylics, Polyvinyls"
P040020.mol,*C(C*)C(=O)OC1C2(CCC(C1)C2(C)C)C,98.6,"Polyacrylics, Polyvinyls"
P040021.mol,*C(C*)C(=O)OCC(F)(F)F,0.97,"Polyacrylics, Polyvinyls"
P040022.mol,*C(C*)C(=O)OCC(C(F)(F)F)(F)F,-26.0,"Polyacrylics, Polyvinyls"
P040023.mol,*C(C*)C(=O)OC(C(F)(F)F)C(F)(F)F,24.06,"Polyacrylics, Polyvinyls"
P040024.mol,*C(C*)C(=O)OC(C(F)(F)F)(C(F)(F)F)F,7.5,"Polyacrylics, Polyvinyls"
P040027.mol,*C(C*)C(=O)OCC(C(F)C(F)(F)F)(F)F,-22.0,"Polyacrylics, Polyvinyls"
P040028.mol,*C(C*)C(=O)OCC(C(C(F)(F)F)(F)F)(F)F,-30.0,"Polyacrylics, Polyvinyls"
P040030.mol,*C(C*)C(=O)OCC(C(C(C(F)(F)F)(F)F)(F)F)(F)F,-37.0,"Polyacrylics, Polyvinyls"
P040031.mol,*C(C*)C(=O)OCC(C(C(C(C(F)(F)F)(F)F)(F)F)(F)F)(F)F,-39.0,"Polyacrylics, Polyvinyls"
P040032.mol,*C(C*)C(=O)OCC(C(C(C(C(C(C(F)(F)F)(F)F)(F)F)(F)F)(F)F)(F)F)(F)F,-17.0,"Polyacrylics, Polyvinyls"
P040034.mol,*C(C*)C(=O)OCCOC,-41.67,"Polyacrylics, Polyvinyls"
P040035.mol,*C(C*)C(=O)OCCOCC,-50.0,"Polyacrylics, Polyvinyls"
P040036.mol,*C(C*)C(=O)OCCCOC,-66.5,"Polyacrylics, Polyvinyls"
P040037.mol,*C(C*)C(=O)OCCCOCC,-61.5,"Polyacrylics, Polyvinyls"
P040038.mol,*C(C*)C(=O)OCCOCC(F)(F)F,-38.0,"Polyacrylics, Polyvinyls"
P040039.mol,*C(C*)C(=O)OCCOC(C(F)F)(F)F,-22.0,"Polyacrylics, Polyvinyls"
P040040.mol,*C(C*)C(=O)OCCOCC(C(C(F)(F)F)(F)F)(F)F,-45.0,"Polyacrylics, Polyvinyls"
P040041.mol,*C(C*)C(=O)OCC(C(OC(F)(F)F)(F)F)(F)F,-55.0,"Polyacrylics, Polyvinyls"
P040042.mol,*C(C*)C(=O)OCC(C(OC(C(F)(F)F)(F)F)(F)F)(F)F,-49.0,"Polyacrylics, Polyvinyls"
P040043.mol,*C(C*)C(=O)OCC(C(OC(C(C(F)(F)F)(F)F)(F)F)(F)F)(F)F,-68.0,"Polyacrylics, Polyvinyls"
P040047.mol,*C(C*)(C(=O)O)C,182.64,"Polyacrylics, Polyvinyls"
P040048.mol,*C(C*)(C(=O)OC)C,103.23,"Polyacrylics, Polyvinyls"
P040049.mol,*C(C*)(C(=O)OCC)C,64.96,"Polyacrylics, Polyvinyls"
P040050.mol,*C(C*)(C(=O)OCCC)C,44.92,"Polyacrylics, Polyvinyls"
P040051.mol,*C(C*)(C(=O)OC(C)C)C,72.71,"Polyacrylics, Polyvinyls"
P040052.mol,*C(C*)(C(=O)OCCCC)C,28.5,"Polyacrylics, Polyvinyls"
P040053.mol,*C(C*)(C(=O)OC(CC)C)C,59.67,"Polyacrylics, Polyvinyls"
P040054.mol,*C(C*)(C(=O)OCC(C)C)C,54.04,"Polyacrylics, Polyvinyls"
P040055.mol,*C(C*)(C(=O)OC(C)(C)C)C,101.25,"Polyacrylics, Polyvinyls"
P040056.mol,*C(C*)(C(=O)OCCCCCC)C,-7.25,"Polyacrylics, Polyvinyls"
P040059.mol,*C(C*)(C(=O)OCCCCCCCC)C,-10.0,"Polyacrylics, Polyvinyls"
P040060.mol,*C(C*)(C(=O)OCCCCCCCCCCCC)C,-44.99,"Polyacrylics, Polyvinyls"
P040061.mol,*C(C*)(C(=O)OCCCCCCCCCCCCCC)C,-72.0,"Polyacrylics, Polyvinyls"
P040063.mol,*C(C*)(C(=O)OCCCCCCCCCCCCCCCCCC)C,-103.33,"Polyacrylics, Polyvinyls"
P040064.mol,*C(C*)(C(=O)OC1CCCCC1)C,89.76,"Polyacrylics, Polyvinyls"
P040066.mol,*C(C*)(C(=O)OC1C(CCCC1)C)C,85.0,"Polyacrylics, Polyvinyls"
P040067.mol,*C(C*)(C(=O)OC1CCC(CC1)C)C,109.0,"Polyacrylics, Polyvinyls"
P040068.mol,*C(C*)(C(=O)OC1CC(CCC1)C)C,89.0,"Polyacrylics, Polyvinyls"
P040069.mol,*C(C*)(C(=O)OC1CC(CC(C1)C)(C)C)C,125.0,"Polyacrylics, Polyvinyls"
P040071.mol,*C(C*)(C(=O)Oc1ccccc1)C,111.1,"Polyacrylics, Polyvinyls"
P040073.mol,*C(C*)(C(=O)OCc1ccccc1)C,57.45,"Polyacrylics, Polyvinyls"
P040074.mol,*C(C*)(C(=O)OCCc1ccccc1)C,49.0,"Polyacrylics, Polyvinyls"
P040081.mol,*C(C*)(C(=O)OCCF)C,90.0,"Polyacrylics, Polyvinyls"
P040082.mol,*C(C*)(C(=O)OCCCl)C,62.0,"Polyacrylics, Polyvinyls"
P040083.mol,*C(C*)(C(=O)OCCBr)C,52.0,"Polyacrylics, Polyvinyls"
P040084.mol,*C(C*)(C(=O)OCC(F)(F)F)C,78.27,"Polyacrylics, Polyvinyls"
P040085.mol,*C(C*)(C(=O)OCC(C(F)F)(F)F)C,80.0,"Polyacrylics, Polyvinyls"
P040088.mol,*C(C*)(C(=O)OC(C(F)(F)F)C(F)(F)F)C,73.0,"Polyacrylics, Polyvinyls"
P040097.mol,*C(C*)(C(=O)Oc1c(c(c(c(c1Cl)Cl)Cl)Cl)Cl)C,110.0,"Polyacrylics, Polyvinyls"
P040099.mol,*C(C*)(C(=O)OCc1c(cccc1)Cl)C,54.1,"Polyacrylics, Polyvinyls"
P040102.mol,*C(C*)(C(=O)OCCO)C,83.78,"Polyacrylics, Polyvinyls"
P040106.mol,*C(C*)(C(=O)OCC1OCCC1)C,105.0,"Polyacrylics, Polyvinyls"
P040107.mol,*C(C*)(C(=O)OCc1occc1)C,111.0,"Polyacrylics, Polyvinyls"
P040112.mol,*C(C*)(C(=O)OCCN(C)C)C,24.75,"Polyacrylics, Polyvinyls"
P040114.mol,*C(C*)(C(=O)OCCN(CC)CC)C,26.0,"Polyacrylics, Polyvinyls"
P040116.mol,*C(C*)(C(=O)OC)Cl,125.0,"Polyacrylics, Polyvinyls"
P040117.mol,*C(C*)(C(=O)OCC)Cl,85.31,"Polyacrylics, Polyvinyls"
P040127.mol,*C(C*)C(=O)N,178.5,"Polyacrylics, Polyvinyls"
P040128.mol,*C(C*)C(=O)NC(C)C,132.69,"Polyacrylics, Polyvinyls"
P040141.mol,*C(C*)C(=O)OC(CC)CC,-6.0,"Polyacrylics, Polyvinyls"
P040145.mol,*C(C*)C(=O)OCC(C(C(C(F)F)(F)F)(F)F)(F)F,-35.0,"Polyacrylics, Polyvinyls"
P040147.mol,*C(C*)C(=O)OCC(CCCC)CC,-62.58,"Polyacrylics, Polyvinyls"
P040148.mol,*C(C*)C(=O)OCCCCCCCCC,-89.0,"Polyacrylics, Polyvinyls"
P040149.mol,*C(C*)C(=O)OC1CCCCC1,23.69,"Polyacrylics, Polyvinyls"
P040150.mol,*C(C*)C(=O)OC1CC(CC(C1)C)(C)C,15.0,"Polyacrylics, Polyvinyls"
P040152.mol,*C(C*)(C(=O)OCCCCCCCCCC)C,-64.5,"Polyacrylics, Polyvinyls"
P040155.mol,*C(C*)(C(=O)OC1C2(CCC(C1)C2(C)C)C)C,149.83,"Polyacrylics, Polyvinyls"
P040156.mol,*C(C*)(C(=O)OCCC)Cl,66.0,"Polyacrylics, Polyvinyls"
P040157.mol,*C(C*)(C(=O)OCCCC)Cl,42.0,"Polyacrylics, Polyvinyls"
P040159.mol,*C(C*)(C(=O)OC)C#N,130.0,"Polyacrylics, Polyvinyls"
P040160.mol,*C(C*)C(=O)OCC(CC)C,-32.0,"Polyacrylics, Polyvinyls"
P040164.mol,*C(C*)C(=O)OCC(C)(C)C,22.0,"Polyacrylics, Polyvinyls"
P040168.mol,*C(C*)C(=O)OCCC#N,4.0,"Polyacrylics, Polyvinyls"
P040172.mol,*C(C*)C(=O)OCF,15.0,"Polyacrylics, Polyvinyls"
P040175.mol,*C(C*)C(=O)OCCOCCOC(C(F)F)(F)F,-40.0,"Polyacrylics, Polyvinyls"
P040177.mol,*C(C*)C(=O)OCCSC,-60.0,"Polyacrylics, Polyvinyls"
P040178.mol,*C(C*)C(=O)OCCCSC,-65.0,"Polyacrylics, Polyvinyls"
P040179.mol,*C(C*)C(=O)OCCSCC,-71.0,"Polyacrylics, Polyvinyls"
P040180.mol,*C(C*)C(=O)OCCCCSC,-70.0,"Polyacrylics, Polyvinyls"
P040181.mol,*C(C*)C(=O)OCCCSCC,-76.0,"Polyacrylics, Polyvinyls"
P040182.mol,*C(C*)C(=O)OCCSCC#N,-24.0,"Polyacrylics, Polyvinyls"
P040183.mol,*C(C*)C(=O)OCCSCCC#N,-50.0,"Polyacrylics, Polyvinyls"
P040184.mol,*C(C*)C(=O)OCCSCCCC#N,-58.0,"Polyacrylics, Polyvinyls"
P040185.mol,*C(C*)C(=O)OCCCSCCC#N,-58.0,"Polyacrylics, Polyvinyls"
P040186.mol,*C(C*)C(=O)OCCCCCCSCC#N,-59.0,"Polyacrylics, Polyvinyls"
P040187.mol,*C(C*)C(=O)OC12CC3(CC(CC(C1)C3)(C2)C)C,103.43,"Polyacrylics, Polyvinyls"
P040188.mol,*C(C*)C(=O)N1CCCCC1,108.0,"Polyacrylics, Polyvinyls"
P040189.mol,*C(C*)C(=O)N1CCOCC1,133.0,"Polyacrylics, Polyvinyls"
P040191.mol,*C(C*)C(=O)Oc1ccccc1,101.83,"Polyacrylics, Polyvinyls"
P040192.mol,*C(C*)C(=O)Oc1c(cccc1)C,51.5,"Polyacrylics, Polyvinyls"
P040193.mol,*C(C*)C(=O)Oc1cc(ccc1)C,24.5,"Polyacrylics, Polyvinyls"
P040194.mol,*C(C*)C(=O)Oc1ccc(cc1)C,42.5,"Polyacrylics, Polyvinyls"
P040195.mol,*C(C*)C(=O)Oc1c(cccc1)C(C)(C)C,72.0,"Polyacrylics, Polyvinyls"
P040196.mol,*C(C*)C(=O)Oc1ccc(cc1)C(C)(C)C,71.0,"Polyacrylics, Polyvinyls"
P040197.mol,*C(C*)C(=O)Oc1ccc(cc1)OC,49.67,"Polyacrylics, Polyvinyls"
P040198.mol,*C(C*)C(=O)Oc1c(cccc1)C(=O)OC,46.0,"Polyacrylics, Polyvinyls"
P040199.mol,*C(C*)C(=O)Oc1c(cccc1)C(=O)OCC,30.0,"Polyacrylics, Polyvinyls"
P040200.mol,*C(C*)C(=O)Oc1cc(ccc1)C(=O)OC,38.0,"Polyacrylics, Polyvinyls"
P040201.mol,*C(C*)C(=O)Oc1cc(ccc1)C(=O)OCC,24.0,"Polyacrylics, Polyvinyls"
P040202.mol,*C(C*)C(=O)Oc1ccc(cc1)C(=O)OC,67.0,"Polyacrylics, Polyvinyls"
P040203.mol,*C(C*)C(=O)Oc1ccc(cc1)C(=O)OCC,37.0,"Polyacrylics, Polyvinyls"
P040204.mol,*C(C*)C(=O)Oc1ccc(cc1)C(=O)OCCCC,13.0,"Polyacrylics, Polyvinyls"
P040205.mol,*C(C*)C(=O)Oc1ccc(cc1)c1ccccc1,105.0,"Polyacrylics, Polyvinyls"
P040206.mol,*C(C*)C(=O)OCc1ccccc1,9.25,"Polyacrylics, Polyvinyls"
P040207.mol,*C(C*)C(=O)OCCc1ccccc1,-3.0,"Polyacrylics, Polyvinyls"
P040208.mol,*C(C*)C(=O)Oc1cc(ccc1)N(C)C,47.0,"Polyacrylics, Polyvinyls"
P040210.mol,*C(C*)C(=O)Oc1ccc(cc1)C#N,92.0,"Polyacrylics, Polyvinyls"
P040211.mol,*C(C*)C(=O)OCc1ccc(cc1)C#N,44.0,"Polyacrylics, Polyvinyls"
P040212.mol,*C(C*)C(=O)Oc1c(cccc1)Cl,146.33,"Polyacrylics, Polyvinyls"
P040213.mol,*C(C*)C(=O)Oc1c(cc(cc1)Cl)Cl,60.0,"Polyacrylics, Polyvinyls"
P040214.mol,*C(C*)C(=O)Oc1c(c(c(c(c1Cl)Cl)Cl)Cl)Cl,145.0,"Polyacrylics, Polyvinyls"
P040215.mol,*C(C*)C(=O)Oc1c2c(ccc1)cccc2,85.0,"Polyacrylics, Polyvinyls"
P040217.mol,*C(C*)C(=O)N(C)C,113.45,"Polyacrylics, Polyvinyls"
P040220.mol,*C(C*)C(=O)NC(C)(C)C,135.0,"Polyacrylics, Polyvinyls"
P040228.mol,*C(C*)(C(=O)OCCCCC)C,6.0,"Polyacrylics, Polyvinyls"
P040229.mol,*C(C*)(C(=O)OCC(CCCC)CC)C,-10.0,"Polyacrylics, Polyvinyls"
P040230.mol,*C(C*)(C(=O)OCCC(C)(C)C)C,45.0,"Polyacrylics, Polyvinyls"
P040231.mol,*C(C*)(C(=O)OC(C(C)(C)C)C)C,108.0,"Polyacrylics, Polyvinyls"
P040232.mol,*C(C*)(C(=O)OCCC(CC(C)(C)C)C)C,1.0,"Polyacrylics, Polyvinyls"
P040233.mol,*C(C*)(C(=O)OCCOC)C,22.75,"Polyacrylics, Polyvinyls"
P040234.mol,*C(C*)(C(=O)OCCOCCO)C,18.12,"Polyacrylics, Polyvinyls"
P040235.mol,*C(C*)(C(=O)OCC(O)C)C,72.67,"Polyacrylics, Polyvinyls"
P040236.mol,*C(C*)(C(=O)OCC(CO)O)C,84.4,"Polyacrylics, Polyvinyls"
P040237.mol,*C(C*)(C(=O)OCCNC(C)(C)C)C,41.0,"Polyacrylics, Polyvinyls"
P040239.mol,*C(C*)(C(=O)OCCC#N)C,79.0,"Polyacrylics, Polyvinyls"
P040241.mol,*C(C*)(C(=O)OCCO[N+](=O)[O-])C,55.0,"Polyacrylics, Polyvinyls"
P040244.mol,*C(C*)(C(=O)OCC(C(C(C(F)F)(F)F)(F)F)(F)F)C,36.67,"Polyacrylics, Polyvinyls"
P040245.mol,*C(C*)(C(=O)OC(C(C(C(C(C(C(C(F)(F)F)(F)F)(F)F)(F)F)(F)F)(F)F)(F)F)(F)F)C,49.0,"Polyacrylics, Polyvinyls"
P040246.mol,*C(C*)(C(=O)OCC(C(C(C(C(C(C(C(F)F)(F)F)(F)F)(F)F)(F)F)(F)F)(F)F)(F)F)C,-15.0,"Polyacrylics, Polyvinyls"
P040247.mol,*C(C*)(C(=O)OCCS(=O)CC)C,25.0,"Polyacrylics, Polyvinyls"
P040248.mol,*C(C*)(C(=O)O[Si](C)(C)C)C,97.5,"Polyacrylics, Polyvinyls"
P040250.mol,*C(C*)(C(=O)OCC1(COCOC1)C)C,142.0,"Polyacrylics, Polyvinyls"
P040251.mol,*C(C*)(C(=O)OCC1(COC(OC1)(C)C)C)C,104.0,"Polyacrylics, Polyvinyls"
P040252.mol,*C(C*)(C(=O)OCC(C1OCC(CO1)(C)C)(C)C)C,111.0,"Polyacrylics, Polyvinyls"
P040253.mol,*C(C*)(C(=O)OC12CC3CC(CC(C1)C3)C2)C,183.0,"Polyacrylics, Polyvinyls"
P040254.mol,*C(C*)(C(=O)OC12CC3(CC(CC(C1)C3)(C2)C)C)C,193.0,"Polyacrylics, Polyvinyls"
P040255.mol,*C(C*)(C(=O)Oc1ccc(cc1)CC#N)C,128.0,"Polyacrylics, Polyvinyls"
P040256.mol,*C(C*)(C(=O)Oc1ccc(cc1)C(=O)OC)C,106.0,"Polyacrylics, Polyvinyls"
P040261.mol,*C(C*)(C(=O)OCC)CC,27.0,"Polyacrylics, Polyvinyls"
P040262.mol,*C(C*)(CC(=O)OCC)C(=O)OCC,63.17,"Polyacrylics, Polyvinyls"
P040263.mol,*C(C*)(CC(=O)OCCCC)C(=O)OCCCC,22.38,"Polyacrylics, Polyvinyls"
P040264.mol,*C(C*)(C(=O)OCCCC)C#N,93.75,"Polyacrylics, Polyvinyls"
P040265.mol,*C(C*)(C(=O)OC)F,142.0,"Polyacrylics, Polyvinyls"
P040267.mol,*C(C*)(C(=O)OCC)CF,43.0,"Polyacrylics, Polyvinyls"
P040269.mol,*C(C*)(CC(=O)OC1CCCCC1)C(=O)OC1CCCCC1,142.0,"Polyacrylics, Polyvinyls"
P040270.mol,*C(C*)(CC(=O)OCC1CCCCC1)C(=O)OCC1CCCCC1,83.0,"Polyacrylics, Polyvinyls"
P040271.mol,*C(C*)(CC(=O)OCCC1CCCCC1)C(=O)OCCC1CCCCC1,48.0,"Polyacrylics, Polyvinyls"
P040272.mol,*C(C*)(CC(=O)OCCCC1CCCCC1)C(=O)OCCCC1CCCCC1,7.0,"Polyacrylics, Polyvinyls"
P040273.mol,*C(C*)(CC(=O)Oc1ccccc1)C(=O)Oc1ccccc1,132.0,"Polyacrylics, Polyvinyls"
P040274.mol,*C(C*)(CC(=O)OCc1ccccc1)C(=O)OCc1ccccc1,55.0,"Polyacrylics, Polyvinyls"
P040275.mol,*C(C*)(CC(=O)OCCc1ccccc1)C(=O)OCCc1ccccc1,35.0,"Polyacrylics, Polyvinyls"
P040276.mol,*C(C*)(CC(=O)OCCCc1ccccc1)C(=O)OCCCc1ccccc1,-8.0,"Polyacrylics, Polyvinyls"
P040278.mol,*C(C*)C(=O)Oc1ccc(cc1)Cl,148.67,"Polyacrylics, Polyvinyls"
P040279.mol,*C(C*)(C(=O)Oc1ccc(cc1)C#N)C,155.0,"Polyacrylics, Polyvinyls"
P040283.mol,*C(C*)C(=O)OCC(C(OC(C(C(C(F)(F)F)(F)F)(F)F)(F)F)(F)F)(F)F,-68.0,"Polyacrylics, Polyvinyls"
P040288.mol,*C(C*)C(=O)OCCC(OC)C,-56.0,"Polyacrylics, Polyvinyls"
P040289.mol,*C(C*)(C(=O)OC1CCC(CC1)C(C)(C)C)C,122.36,"Polyacrylics, Polyvinyls"
P040290.mol,*C(C*)(C(=O)OCC(C(C(C(C(C(F)F)(F)F)(F)F)(F)F)(F)F)(F)F)C,12.5,"Polyacrylics, Polyvinyls"
P040291.mol,*C(C*)(C(=O)OCC(C)(C)C)C,32.67,"Polyacrylics, Polyvinyls"
P040292.mol,*C(C*)(C(=O)Oc1ccc(cc1)C(C)(C)C)C,88.57,"Polyacrylics, Polyvinyls"
P040294.mol,*C(C*)(CC(=O)OC)C(=O)OC,80.04,"Polyacrylics, Polyvinyls"
P040295.mol,*C(*)C(=O)OCC,12.35,"Polyacrylics, Polyvinyls"
P040296.mol,*C(*)C(=O)OC,80.25,"Polyacrylics, Polyvinyls"
P040297.mol,*C(*)C(=O)OCCC,-15.0,"Polyacrylics, Polyvinyls"
P040299.mol,*C(C*)C(=O)Oc1ccc(cc1)C(=O)O,113.33,"Polyacrylics, Polyvinyls"
P040300.mol,*C(C*)(C(=O)N)C,88.7,"Polyacrylics, Polyvinyls"
P040308.mol,*C(C*)(CC(=O)OCCCCC)C(=O)OCCCCC,2.0,"Polyacrylics, Polyvinyls"
P040310.mol,*C(C*)(CC(=O)OCCCCCC)C(=O)OCCCCCC,-17.75,"Polyacrylics, Polyvinyls"
P040314.mol,*C(C*)(CC(=O)OCCC)C(=O)OCCC,44.38,"Polyacrylics, Polyvinyls"
P040320.mol,*C(C*)(C(=O)OCC)C#N,115.0,"Polyacrylics, Polyvinyls"
P040325.mol,*C(C*)C(=O)OCCO,0.1,"Polyacrylics, Polyvinyls"
P040332.mol,*C(C*)(C(=O)Oc1c(cc(cc1)C)C)C,109.0,"Polyacrylics, Polyvinyls"
P040333.mol,*C(C*)(C(=O)Oc1cc(cc(c1)C)C)C,106.0,"Polyacrylics, Polyvinyls"
P040338.mol,*C(C*)(C(=O)OCCCCCC)C#N,86.0,"Polyacrylics, Polyvinyls"
P040339.mol,*C(C*)(C(=O)OCC1OC1)C,62.81,"Polyacrylics, Polyvinyls"
P044251.mol,*C(C*)(C(=O)OCCN(c1ccc(cc1)N=Nc1ccc(cc1)[N+](=O)[O-])CC)C,125.25,"Polyacrylics, Polyvinyls"
P044252.mol,*C(C*)C(=O)OCCN(c1ccc(cc1)N=Nc1ccc(cc1)[N+](=O)[O-])CC,103.56,"Polyacrylics, Polyvinyls"
P044290.mol,*C(C*)C(=O)OCCCCCC(=O)Oc1ccc(cc1)c1ccc(cc1)C#N,38.0,"Polyacrylics, Polyvinyls"
P044346.mol,*C(C*)(C(=O)NC(=O)Oc1ccc(cc1)S(=O)(=O)c1ccc(cc1)O)C,182.0,"Polyacrylics, Polyvinyls"
P044347.mol,*C(C*)(C(=O)NC(=O)OCCOc1ccc(cc1)S(=O)(=O)c1ccc(cc1)OCCO)C,131.0,"Polyacrylics, Polyvinyls"
P044348.mol,*C(C*)(C(=O)NC(=O)OC(COc1ccc(cc1)S(=O)(=O)c1ccc(cc1)OCC(O)C)C)C,73.0,"Polyacrylics, Polyvinyls"
P044349.mol,*C(C*)(C(=O)NC(=O)Oc1c(cc(cc1Br)S(=O)(=O)c1cc(c(c(c1)Br)O)Br)Br)C,116.0,"Polyacrylics, Polyvinyls"
P044350.mol,*C(C*)(C(=O)NC(=O)OCCOc1c(cc(cc1Br)S(=O)(=O)c1cc(c(c(c1)Br)OCCO)Br)Br)C,110.0,"Polyacrylics, Polyvinyls"
P044351.mol,*C(C*)(C(=O)NC(=O)OC(COc1c(cc(cc1Br)S(=O)(=O)c1cc(c(c(c1)Br)OCC(O)C)Br)Br)C)C,45.0,"Polyacrylics, Polyvinyls"
P044368.mol,*C(C*)(C(=O)OCCOC(=O)c1cc(cc(c1)[N+](=O)[O-])[N+](=O)[O-])C,89.64,"Polyacrylics, Polyvinyls"
P044370.mol,*C(C*)C(=O)OCCCCCCOc1ccc(cc1)C(=O)Oc1ccc(cc1)C#N,19.5,"Polyacrylics, Polyvinyls"
P044380.mol,*C(C*)(C(=O)OCCCCn1c2ccccc2c2ccccc12)C,84.2,"Polyacrylics, Polyvinyls"
P044383.mol,*C(C*)C(=O)OCCCOc1ccc(cc1)N=Nc1ccc(cc1)[N+](=O)[O-],45.6,"Polyacrylics, Polyvinyls"
P044384.mol,*C(C*)C(=O)OCCCCOc1ccc(cc1)N=Nc1ccc(cc1)[N+](=O)[O-],36.7,"Polyacrylics, Polyvinyls"
P044385.mol,*C(C*)C(=O)OCCCCCCOc1ccc(cc1)N=Nc1ccc(cc1)[N+](=O)[O-],35.8,"Polyacrylics, Polyvinyls"
P044463.mol,*C(C*)C(=O)NCCCCCC(=O)O,68.0,"Polyacrylics, Polyvinyls"
P044464.mol,*C(C*)C(=O)OCc1c(c(c(c(c1Br)Br)Br)Br)Br,181.0,"Polyacrylics, Polyvinyls"
P044506.mol,*C(C*)(CCC(C(=O)OC)C)C(=O)OC,34.0,"Polyacrylics, Polyvinyls"
P044508.mol,*C(C*)C(=O)O[Na],230.0,"Polyacrylics, Polyvinyls"
P044512.mol,*C(C(CC*)C(=O)OC)C(=O)OC,31.2,"Polyacrylics, Polyvinyls"
P044514.mol,*C(C*)(C(=O)OCC#C)C,58.0,"Polyacrylics, Polyvinyls"
P044520.mol,*C(C*)(C(=O)OCC(C)C)C#N,51.0,"Polyacrylics, Polyvinyls"
P044521.mol,*C(C*)(C(=O)OC(C)C)C#N,66.0,"Polyacrylics, Polyvinyls"
P044522.mol,*C(C*)(C(=O)OCCCCCCC)C#N,102.0,"Polyacrylics, Polyvinyls"
P049038.mol,*C(C*)C(=O)OC1CCCCCCCCCCC1,37.0,"Polyacrylics, Polyvinyls"
P340005.mol,*C(C*)C(=O)NC,171.0,"Polyacrylics, Polyvinyls"
P340007.mol,*C(C*)(C(=O)Oc1ccc(cc1)C(=O)O)C,110.0,"Polyacrylics, Polyvinyls"
P340009.mol,*C(C*)(C(=O)OCCCCCCOc1ccc(cc1)C=Nc1ccc(cc1)C#N)C,35.0,"Polyacrylics, Polyvinyls"
P340011.mol,*C(C*)(C(=O)OCCCCCCCCCCCOc1ccc(cc1)C=Nc1ccc(cc1)C#N)C,23.0,"Polyacrylics, Polyvinyls"
P340012.mol,*C(C*)(C(=O)OCCO[Si](C)(C)C)C,89.0,"Polyacrylics, Polyvinyls"
P340014.mol,*C(C*)(C(=O)OC1CCCC1)C,75.0,"Polyacrylics, Polyvinyls"
P340015.mol,*C(C*)C(=O)OCC(O)C,-7.0,"Polyacrylics, Polyvinyls"
P340016.mol,*C(C*)(C(=O)OCCCCCOc1ccc(cc1)c1ccc(cc1)C#N)C,60.0,"Polyacrylics, Polyvinyls"
P340017.mol,*C(C*)(CC(=O)OCCCCCCCC)C(=O)OCCCCCCCC,-32.33,"Polyacrylics, Polyvinyls"
P340018.mol,*C(C*)(CC(=O)OCCCCCCCCC)C(=O)OCCCCCCCCC,-13.0,"Polyacrylics, Polyvinyls"
P340019.mol,*C(C*)(CC(=O)OC1CCCCCCC1)C(=O)OC1CCCCCCC1,124.0,"Polyacrylics, Polyvinyls"
P340020.mol,*C(C(C(C*)OC)C(=O)OC)C(=O)OC,59.5,"Polyacrylics, Polyvinyls"
P340021.mol,*C(C(C(C*)OCC)C(=O)OC)C(=O)OC,50.0,"Polyacrylics, Polyvinyls"
P340022.mol,*C(C(C(C*)OCC(C)C)C(=O)OC)C(=O)OC,44.5,"Polyacrylics, Polyvinyls"
P340023.mol,*C(C(C(C*)OCCCC)C(=O)OC)C(=O)OC,32.5,"Polyacrylics, Polyvinyls"
P340024.mol,*C(C(C(C*)OC)(C(=O)OC)C)(C(=O)OC)C,134.0,"Polyacrylics, Polyvinyls"
P340025.mol,*C(C(C(C*)OCC)(C(=O)OC)C)(C(=O)OC)C,131.0,"Polyacrylics, Polyvinyls"
P340026.mol,*C(C(C(C*)OCC(C)C)(C(=O)OC)C)(C(=O)OC)C,125.5,"Polyacrylics, Polyvinyls"
P340027.mol,*C(C(C(C*)OCCCC)(C(=O)OC)C)(C(=O)OC)C,97.5,"Polyacrylics, Polyvinyls"
P340032.mol,*C(C*)C(=O)OC(C(C(C(C(C(C(C(F)(F)F)(F)F)(F)F)(F)F)(F)F)(F)F)(F)F)(F)F,9.0,"Polyacrylics, Polyvinyls"
P340034.mol,*C(C*)(C(=O)OCCn1c2ccccc2c2ccccc12)C,145.33,"Polyacrylics, Polyvinyls"
P340035.mol,*C(C*)C(=O)n1c2ccccc2c2ccccc12,47.8,"Polyacrylics, Polyvinyls"
P340037.mol,*C(C*)C(=O)NC(CC(=O)C)(C)C,86.0,"Polyacrylics, Polyvinyls"
P340043.mol,*C(C*)(C(=O)OCC#N)C,91.0,"Polyacrylics, Polyvinyls"
P340044.mol,*C(C*)(C(=O)OCCCCCCOc1ccc(cc1)C(=O)Oc1ccc(cc1)OC)C,40.8,"Polyacrylics, Polyvinyls"
P340047.mol,*C(C(*)C(=O)OC(C)(C)C)C(=O)OC,84.0,"Polyacrylics, Polyvinyls"
P340064.mol,*C(C*)C(=O)OCCOc1ccc(cc1)C(=O)Oc1ccc(cc1)OC,70.0,"Polyacrylics, Polyvinyls"
P340065.mol,*C(C*)C(=O)OCCCCCCOc1ccc(cc1)C(=O)Oc1ccc(cc1)OC,24.75,"Polyacrylics, Polyvinyls"
P340067.mol,*C(C*)(C(=O)OCCCCCCOc1ccc(cc1)C(=O)Oc1ccc(cc1)OCCCC)C,55.17,"Polyacrylics, Polyvinyls"
P340068.mol,*C(C*)(C(=O)OCCOc1ccc(cc1)C(=O)Oc1ccc(cc1)OCCCC)C,137.0,"Polyacrylics, Polyvinyls"
P340069.mol,*C(C*)(CC(=O)Oc1ccc(cc1)OC)C(=O)Oc1ccc(cc1)OC,119.5,"Polyacrylics, Polyvinyls"
P340070.mol,*C(C*)C(=O)OC(OCC)C(F)(F)F,5.0,"Polyacrylics, Polyvinyls"
P340071.mol,*C(C*)(C(=O)OC(OCC)C(F)(F)F)C,60.0,"Polyacrylics, Polyvinyls"
P340072.mol,*C(C*)(C(=O)OCCCCCCOc1ccc(cc1)C(=O)Oc1ccc(cc1)OCCCC)Cl,75.75,"Polyacrylics, Polyvinyls"
P340077.mol,*C(C*)(C(=O)OCc1sccc1)C,66.0,"Polyacrylics, Polyvinyls"
P340078.mol,*C(C*)(C(=O)OCc1[se]ccc1)C,54.43,"Polyacrylics, Polyvinyls"
P340079.mol,*C(C*)(C(=O)OCC1COCCOCCOCCOCCOC1)C,25.0,"Polyacrylics, Polyvinyls"
P340080.mol,*C(C*)(CC(=O)Oc1ccc(cc1)OCC)C(=O)Oc1ccc(cc1)OCC,110.5,"Polyacrylics, Polyvinyls"
P340081.mol,*C(C*)(CC(=O)Oc1ccc(cc1)OCCC)C(=O)Oc1ccc(cc1)OCCC,94.5,"Polyacrylics, Polyvinyls"
P340082.mol,*C(C*)(CC(=O)Oc1ccc(cc1)OCCCCC)C(=O)Oc1ccc(cc1)OCCCCC,73.5,"Polyacrylics, Polyvinyls"
P340083.mol,*C(C*)(CC(=O)Oc1ccc(cc1)OCCCCCCC)C(=O)Oc1ccc(cc1)OCCCCCCC,111.0,"Polyacrylics, Polyvinyls"
P340084.mol,*C(C*)C(=O)OCCCCOC(=O)c1ccc(cc1)OC(=O)c1ccc(cc1)C#N,40.0,"Polyacrylics, Polyvinyls"
P340085.mol,*C(C*)C(=O)OCCCCCOC(=O)c1ccc(cc1)OC(=O)c1ccc(cc1)C#N,30.0,"Polyacrylics, Polyvinyls"
P340086.mol,*C(C*)C(=O)OCCCCCCOC(=O)c1ccc(cc1)OC(=O)c1ccc(cc1)C#N,30.0,"Polyacrylics, Polyvinyls"
P340087.mol,*C(C*)C(=O)OCCCCCCCOC(=O)c1ccc(cc1)OC(=O)c1ccc(cc1)C#N,20.0,"Polyacrylics, Polyvinyls"
P340088.mol,*C(C*)C(=O)OCCCCCCCCOC(=O)c1ccc(cc1)OC(=O)c1ccc(cc1)C#N,15.0,"Polyacrylics, Polyvinyls"
P340089.mol,*C(C*)C(=O)OCCCCCCCCCOC(=O)c1ccc(cc1)OC(=O)c1ccc(cc1)C#N,15.0,"Polyacrylics, Polyvinyls"
P340090.mol,*C(C*)C(=O)OCCCCCCCCCCOC(=O)c1ccc(cc1)OC(=O)c1ccc(cc1)C#N,15.0,"Polyacrylics, Polyvinyls"
P340091.mol,*C(C*)C(=O)OCCCCCCCCCCCCOC(=O)c1ccc(cc1)OC(=O)c1ccc(cc1)C#N,15.0,"Polyacrylics, Polyvinyls"
P340092.mol,*C(C*)(C(=O)OCCOCCOCCOCCOCCOCCOCCOCCOC)C,-58.0,"Polyacrylics, Polyvinyls"
P340093.mol,*C(C*)(CC(=O)OCCOC)C(=O)OCCOC,29.0,"Polyacrylics, Polyvinyls"
P340094.mol,*C(C*)(CC(=O)OCCOCCOC)C(=O)OCCOCCOC,-59.4,"Polyacrylics, Polyvinyls"
P340095.mol,*C(C*)(CC(=O)OCCOCCOCCOC)C(=O)OCCOCCOCCOC,-58.67,"Polyacrylics, Polyvinyls"
P340096.mol,*C(C*)(CC(=O)OCCOCCOCCOCCOCCOCCOCCOC)C(=O)OCCOCCOCCOCCOCCOCCOCCOC,-71.0,"Polyacrylics, Polyvinyls"
P340097.mol,*C(C*)(C(=O)OCC(C(F)(F)F)(F)F)C,77.0,"Polyacrylics, Polyvinyls"
P340098.mol,*C(C*)(C(=O)OCCC(C(C(C(C(C(C(C(F)(F)F)(F)F)(F)F)(F)F)(F)F)(F)F)(F)F)(F)F)C,31.25,"Polyacrylics, Polyvinyls"
P340101.mol,*C(C*)C(=O)Nc1cc2C(=O)c3c(C(=O)c2cc1)cccc3,128.0,"Polyacrylics, Polyvinyls"
P340102.mol,*C(C*)(C(=O)Oc1c(cccc1C)C)C,169.0,"Polyacrylics, Polyvinyls"
P340103.mol,*C(C*)(C(=O)Oc1c(c(ccc1)C)C)C,120.0,"Polyacrylics, Polyvinyls"
P340104.mol,*C(C*)C(=O)OCCCCC,-57.0,"Polyacrylics, Polyvinyls"
P340107.mol,*C(C*)(C(=O)OCCN(c1ccc(cc1)N=Nc1c2c(c(cc1)[N+](=O)[O-])cccc2)CC)C,116.0,"Polyacrylics, Polyvinyls"
P340108.mol,*C(C*)C(=O)OC12CC3CC(CC(C1)C3)C2,153.0,"Polyacrylics, Polyvinyls"
P340115.mol,*C(C*)(CC(=O)OC)C(=O)OC12CC3CC(CC(C1)C3)C2,197.0,"Polyacrylics, Polyvinyls"
P340116.mol,*C(C*)(C(=O)OC12CC3(CC(CC(C1)C3)(C2)C)C)CC(=O)OC,144.0,"Polyacrylics, Polyvinyls"
P340117.mol,*C(C*)(CC(=O)OC(C)C)C(=O)OC12CC3CC(CC(C1)C3)C2,180.0,"Polyacrylics, Polyvinyls"
P340118.mol,*C(C*)(CC(=O)OC(C)C)C(=O)OC12CC3(CC(CC(C1)C3)(C2)C)C,158.0,"Polyacrylics, Polyvinyls"
P340119.mol,*C(C*)(CC(=O)OC(C)C)C(=O)OC(C)C,89.0,"Polyacrylics, Polyvinyls"
P340123.mol,*C(C*)(C(=O)OC1CC2C(CC1)CCCC2)C,145.0,"Polyacrylics, Polyvinyls"
P340124.mol,*C(C*)(C(=O)OC1C2C3C(C(C1)C2)C1CCC3C1)C,199.0,"Polyacrylics, Polyvinyls"
P340125.mol,*C(C*)(C(=O)OC1CCC1)C,119.0,"Polyacrylics, Polyvinyls"
P340126.mol,*C(C(*)C(=O)OC12CC3CC(CC(C1)C3)C2)C,236.5,"Polyacrylics, Polyvinyls"
P340127.mol,*C(C(*)C(=O)OC12CC3(CC(CC(C1)C3)(C2)C)C)C,194.5,"Polyacrylics, Polyvinyls"
P340129.mol,*C(C*)(C(=O)OCCCCCCOc1ccc(cc1)c1ccc(cc1)C#N)C,58.6,"Polyacrylics, Polyvinyls"
P340130.mol,*C(C*)(CC(=O)OCC(C)C)C(=O)OCC(C)C,105.0,"Polyacrylics, Polyvinyls"
P340131.mol,*C(C*)(C(=O)OCCc1ccc(cc1)N=Nc1ccccc1)C,80.0,"Polyacrylics, Polyvinyls"
P340149.mol,*C(C*)(C(=O)OCCOc1ccc(cc1)c1ccc(cc1)c1ccc(cc1)C#N)C,115.0,"Polyacrylics, Polyvinyls"
P340150.mol,*C(C*)(C(=O)OCC(Oc1ccc(cc1)c1ccc(cc1)c1ccc(cc1)C#N)C)C,140.0,"Polyacrylics, Polyvinyls"
P340159.mol,*C(C*)(C(=O)OCCCCl)C,50.0,"Polyacrylics, Polyvinyls"
P340169.mol,*C(C*)(C(=O)OCCCCCCN(c1ccc(cc1)N=Nc1ccc(cc1)S(=O)(=O)C)C)C,100.0,"Polyacrylics, Polyvinyls"
P340170.mol,*C(C*)C(=O)OCCOC(=O)c1cc(cc(c1)[N+](=O)[O-])[N+](=O)[O-],60.8,"Polyacrylics, Polyvinyls"
P340171.mol,*C(C*)C(=O)OCCn1c2ccccc2c2ccccc12,105.27,"Polyacrylics, Polyvinyls"
P340180.mol,*C(C*)(C(=O)OCCCCCCc1ccc(cc1)C(=Cc1ccc(cc1)OC)C)C,31.0,"Polyacrylics, Polyvinyls"
P342001.mol,*C(C*)(C(=O)OCCCCOc1ccc(cc1)C(=O)Oc1ccc(cc1)OC)C,45.0,"Polyacrylics, Polyvinyls"
P342002.mol,*C(C*)(C(=O)OCC=C)C,94.0,"Polyacrylics, Polyvinyls"
P342003.mol,*C(C*)C(=O)Oc1ccc(cc1)C(=O)c1ccc(cc1)Cl,78.0,"Polyacrylics, Polyvinyls"
P342004.mol,*C(C*)C(=O)OCCCOc1ccc(cc1)c1ccc(cc1)C#N,51.55,"Polyacrylics, Polyvinyls"
P342005.mol,*C(C*)(C(=O)OCCCOc1ccc(cc1)c1ccc(cc1)C#N)C,97.0,"Polyacrylics, Polyvinyls"
P342006.mol,*C(C*)(C(=O)OCCCCc1ccccc1)C,9.0,"Polyacrylics, Polyvinyls"
P342007.mol,*C(C*)(C(=O)Oc1c(ccc(c1)C)C)C,111.0,"Polyacrylics, Polyvinyls"
P342009.mol,*C(C*)(C(=O)OCCCCCCC(C(C(C(C(C(C(C(C(C(C(C(F)(F)F)(F)F)(F)F)(F)F)(F)F)(F)F)(F)F)(F)F)(F)F)(F)F)(F)F)(F)F)C,84.0,"Polyacrylics, Polyvinyls"
P342011.mol,*C(C*)C(=O)OCCCCCCCCCCOc1cnc(nc1)c1ccc(cc1)OC(=O)C1OC(OC1)(C)C,29.0,"Polyacrylics, Polyvinyls"
P342021.mol,*C(C*)(C(=O)OCCOCCOc1ccc(cc1)N=Nc1ccc(cc1)C#N)C,57.0,"Polyacrylics, Polyvinyls"
P342022.mol,*C(C(*)(C(=O)OC([2H])([2H])[2H])C([2H])([2H])[2H])([2H])[2H],115.0,"Polyacrylics, Polyvinyls"
P342026.mol,*C(C*)(C(=O)OCCCn1c2ccccc2c2ccccc12)C,113.0,"Polyacrylics, Polyvinyls"
P342027.mol,*C(C*)(C(=O)OCCCCCn1c2ccccc2c2ccccc12)C,91.0,"Polyacrylics, Polyvinyls"
P342028.mol,*C(C*)(C(=O)OCCCCCCn1c2ccccc2c2ccccc12)C,73.0,"Polyacrylics, Polyvinyls"
P342029.mol,*C(C*)(C(=O)OCCCCCCCCCCCn1c2ccccc2c2ccccc12)C,6.0,"Polyacrylics, Polyvinyls"
P342030.mol,*C(C*)C(=O)OCCCn1c2ccccc2c2ccccc12,83.0,"Polyacrylics, Polyvinyls"
P342031.mol,*C(C*)C(=O)OCCCCCn1c2ccccc2c2ccccc12,53.0,"Polyacrylics, Polyvinyls"
P342032.mol,*C(C*)C(=O)OCCCCCCn1c2ccccc2c2ccccc12,48.0,"Polyacrylics, Polyvinyls"
P342033.mol,*C(C*)C(=O)OCCCCCCCCCCCn1c2ccccc2c2ccccc12,15.0,"Polyacrylics, Polyvinyls"
P342035.mol,*C(C*)C(=O)OCCCCCCCCCCCOc1ccc(cc1)C(=O)Oc1ccc(cc1)c1ccc(cc1)OC(CCCCCC)C,50.0,"Polyacrylics, Polyvinyls"
P342036.mol,*C(C*)C(=O)OCCCCn1c2ccccc2c2ccccc12,68.0,"Polyacrylics, Polyvinyls"
P342037.mol,*C(C*)C(=O)OCCCCCCCCn1c2ccccc2c2ccccc12,12.0,"Polyacrylics, Polyvinyls"
P342039.mol,*C(C*)(C(=O)OCCCCCCOc1c(cc(cc1)C(=O)Oc1ccc(cc1)OC)OC)C,49.0,"Polyacrylics, Polyvinyls"
P342041.mol,*C(C*)(C(=O)OCCc1ccc(cc1)N=Nc1ccc(cc1)OC(F)(F)F)C,209.5,"Polyacrylics, Polyvinyls"
P342042.mol,*C(C*)(C(=O)OCCCc1ccc(cc1)N=Nc1ccc(cc1)OC(F)(F)F)C,211.5,"Polyacrylics, Polyvinyls"
P342043.mol,*C(C*)(C(=O)OCCCCc1ccc(cc1)N=Nc1ccc(cc1)OC(F)(F)F)C,203.5,"Polyacrylics, Polyvinyls"
P342044.mol,*C(C*)(C(=O)OCCCCCc1ccc(cc1)N=Nc1ccc(cc1)OC(F)(F)F)C,202.5,"Polyacrylics, Polyvinyls"
P342045.mol,*C(C*)(C(=O)OCCCCCCc1ccc(cc1)N=Nc1ccc(cc1)OC(F)(F)F)C,194.5,"Polyacrylics, Polyvinyls"
P342048.mol,*C(C*)C(=O)OCCOc1ccc(cc1)C(c1ccc(cc1)OCCO)(C)C,22.0,"Polyacrylics, Polyvinyls"
P342049.mol,*C(C*)(C(=O)Oc1cc2c(CCC2)cc1)C,104.25,"Polyacrylics, Polyvinyls"
P342053.mol,*C(C*)(C(=O)Oc1cc(c(cc1)C(=O)c1ccccc1)O)C,150.0,"Polyacrylics, Polyvinyls"
P342055.mol,*C(C*)(C(=O)OCCOCCOC)C,-35.25,"Polyacrylics, Polyvinyls"
P342060.mol,*C(C*)C(=O)OCC(COC(=O)c1ccccc1)(COC(=O)c1ccccc1)COC(=O)c1ccccc1,48.0,"Polyacrylics, Polyvinyls"
P342067.mol,*C(C*)C(=O)Nc1ccccc1,160.0,"Polyacrylics, Polyvinyls"
P342077.mol,*C(C*)(C(=O)Oc1ccc(cc1)C(=O)Oc1ccccc1)C,99.0,"Polyacrylics, Polyvinyls"
P342078.mol,*C(C*)(C(=O)Oc1ccc(cc1)C(=O)Oc1ccc(cc1)C)C,98.0,"Polyacrylics, Polyvinyls"
P342079.mol,*C(C*)(C(=O)Oc1ccc(cc1)C(=O)Oc1ccc(cc1)OC)C,77.0,"Polyacrylics, Polyvinyls"
P342080.mol,*C(C*)(C(=O)Oc1ccc(cc1)C(=O)Oc1ccc(cc1)c1ccccc1)C,100.0,"Polyacrylics, Polyvinyls"
P342081.mol,*C(C*)(C(=O)Oc1ccc(cc1)C(=O)Oc1ccc(cc1)Oc1ccccc1)C,74.0,"Polyacrylics, Polyvinyls"
P342082.mol,*C(C*)(C(=O)Oc1ccc(cc1)C(=O)Oc1ccc(cc1)C(=O)c1ccccc1)C,72.0,"Polyacrylics, Polyvinyls"
P342083.mol,*C(C*)(C(=O)OCCCCCCCC/C=C\CCCCCCCC)C,-40.0,"Polyacrylics, Polyvinyls"
P342084.mol,*C(C*)(C(=O)OCCCCCCOc1ccc(cc1)C(=O)Oc1ccc(cc1)C)C,44.0,"Polyacrylics, Polyvinyls"
P342086.mol,*C(C*)(C(=O)OC1C(CCC(C1)C)C(C)C)C,147.0,"Polyacrylics, Polyvinyls"
P342094.mol,*C(C*)(C(=O)OCCCCOc1ccc(cc1)OC(=O)c1ccc(cc1)OC)C,57.0,"Polyacrylics, Polyvinyls"
P342095.mol,*C(C*)(C(=O)OCCCCCOc1ccc(cc1)OC(=O)c1ccc(cc1)OC)C,38.0,"Polyacrylics, Polyvinyls"
P342096.mol,*C(C*)(C(=O)OCCCCCCOc1ccc(cc1)OC(=O)c1ccc(cc1)OC)C,38.0,"Polyacrylics, Polyvinyls"
P342097.mol,*C(C*)(C(=O)OCCCCCCCCCCOc1ccc(cc1)OC(=O)c1ccc(cc1)OC)C,21.0,"Polyacrylics, Polyvinyls"
P342098.mol,*C(C*)(C(=O)OCCCCCCOc1ccc(cc1)OC(=O)c1ccc(cc1)OCCCC)C,36.0,"Polyacrylics, Polyvinyls"
P342099.mol,*C(C*)(C(=O)OCCCCCCOc1ccc(cc1)OC(=O)c1ccc(cc1)OCCCCCC)C,16.0,"Polyacrylics, Polyvinyls"
P342100.mol,*C(C*)(C(=O)OCCCCCCOc1ccc(cc1)OC(=O)c1ccc(cc1)OCCCCCCCC)C,-1.0,"Polyacrylics, Polyvinyls"
P342101.mol,*C(C*)(C(=O)OCCCCCCOc1ccc(cc1)OC(=O)c1ccc(cc1)c1ccc(cc1)OC)C,57.0,"Polyacrylics, Polyvinyls"
P342102.mol,*C(C*)(C(=O)OCCCCCCOc1ccc(cc1)OC(=O)c1cc(c(cc1)OC)Br)C,51.0,"Polyacrylics, Polyvinyls"
P342103.mol,*C(C*)(C(=O)OCCCCOc1ccc(cc1)OC(=O)c1ccc(cc1)OCCCC)C,51.0,"Polyacrylics, Polyvinyls"
P342104.mol,*C(C*)(C(=O)OCCCCOc1ccc(cc1)OC(=O)c1ccc(cc1)OCCCCCC)C,34.0,"Polyacrylics, Polyvinyls"
P342105.mol,*C(C*)(C(=O)OCCCCOc1ccc(cc1)OC(=O)c1ccc(cc1)OCCCCCCCC)C,10.0,"Polyacrylics, Polyvinyls"
P342106.mol,*C(C*)(C(=O)OCCCCOc1ccc(cc1)OC(=O)c1ccc(cc1)c1ccc(cc1)OC)C,77.0,"Polyacrylics, Polyvinyls"
P342107.mol,*C(C*)(C(=O)OCCCCOc1ccc(cc1)OC(=O)c1cc(c(cc1)OC)Br)C,69.0,"Polyacrylics, Polyvinyls"
P342108.mol,*C(C*)(C(=O)OCCCCCCCCCCOc1ccc(cc1)OC(=O)c1ccc(cc1)OCCCC)C,31.0,"Polyacrylics, Polyvinyls"
P342109.mol,*C(C*)(C(=O)OCCCCCCCCCCOc1ccc(cc1)OC(=O)c1ccc(cc1)OCCCCCC)C,41.0,"Polyacrylics, Polyvinyls"
P342110.mol,*C(C*)(C(=O)OCCCCCCCCCCOc1ccc(cc1)OC(=O)c1ccc(cc1)OCCCCCCCC)C,12.0,"Polyacrylics, Polyvinyls"
P342111.mol,*C(C*)(C(=O)OCCCCCCCCCCOc1ccc(cc1)OC(=O)c1ccc(cc1)c1ccc(cc1)OC)C,57.0,"Polyacrylics, Polyvinyls"
P342112.mol,*C(C*)(C(=O)OCCCCCCCCCCOc1ccc(cc1)OC(=O)c1cc(c(cc1)OC)Br)C,29.0,"Polyacrylics, Polyvinyls"
P342114.mol,*C(C*)(C(=O)OCCCCCCOc1ccc(cc1)N=Nc1ccc(cc1)OC)C,82.0,"Polyacrylics, Polyvinyls"
P342115.mol,*C(C*)(C(=O)Oc1ccc(cc1)N=Nc1ccc(cc1)C#N)C,185.0,"Polyacrylics, Polyvinyls"
P342116.mol,*C(C*)(C(=O)OCCOc1ccc(cc1)N=Nc1ccc(cc1)C#N)C,109.0,"Polyacrylics, Polyvinyls"
P342117.mol,*C(C*)(C(=O)OCCCCCCOc1ccc(cc1)N=Nc1ccc(cc1)C#N)C,60.67,"Polyacrylics, Polyvinyls"
P342122.mol,*C(C*)(C(=O)OCCCOc1cc2c(cc1)cc(cc2)C(=O)Oc1ccccc1)C,84.0,"Polyacrylics, Polyvinyls"
P342123.mol,*C(C*)(C(=O)OCCCCOc1cc2c(cc1)cc(cc2)C(=O)Oc1ccccc1)C,88.0,"Polyacrylics, Polyvinyls"
P342124.mol,*C(C*)(C(=O)OCCCCCOc1cc2c(cc1)cc(cc2)C(=O)Oc1ccccc1)C,48.0,"Polyacrylics, Polyvinyls"
P342125.mol,*C(C*)(C(=O)OCCCCCCOc1cc2c(cc1)cc(cc2)C(=O)Oc1ccccc1)C,39.0,"Polyacrylics, Polyvinyls"
P342126.mol,*C(C*)(C(=O)OCCCCCCCOc1cc2c(cc1)cc(cc2)C(=O)Oc1ccccc1)C,40.0,"Polyacrylics, Polyvinyls"
P342127.mol,*C(C*)(C(=O)OCCCCCCCCOc1cc2c(cc1)cc(cc2)C(=O)Oc1ccccc1)C,34.0,"Polyacrylics, Polyvinyls"
P342128.mol,*C(C*)(C(=O)OCCCCCCCCCOc1cc2c(cc1)cc(cc2)C(=O)Oc1ccccc1)C,18.0,"Polyacrylics, Polyvinyls"
P342129.mol,*C(C*)(C(=O)OCCCCCCCCCCOc1cc2c(cc1)cc(cc2)C(=O)Oc1ccccc1)C,24.0,"Polyacrylics, Polyvinyls"
P342130.mol,*C(C*)(C(=O)OCCCCCCCCCCCOc1cc2c(cc1)cc(cc2)C(=O)Oc1ccccc1)C,10.0,"Polyacrylics, Polyvinyls"
P342131.mol,*C(C*)(C(=O)OCCCCCCCCCCCCOc1cc2c(cc1)cc(cc2)C(=O)Oc1ccccc1)C,12.0,"Polyacrylics, Polyvinyls"
P342132.mol,*C(C*)(C(=O)NC(c1c2c(ccc1)cccc2)C)C,161.0,"Polyacrylics, Polyvinyls"
P342133.mol,*C(C*)(C(=O)NC(c1ccccc1)C)C,156.5,"Polyacrylics, Polyvinyls"
P342134.mol,*C(C*)(C(=O)OCCN(c1ccc(cc1)N=Nc1ccc(cc1)[N+](=O)[O-])C)C,110.0,"Polyacrylics, Polyvinyls"
P342135.mol,*C(C*)C(=O)OC(C(Cl)(Cl)Cl)Cl,70.5,"Polyacrylics, Polyvinyls"
P342136.mol,*C(C*)C(=O)Oc1c(c(c(c(c1F)F)F)F)F,64.0,"Polyacrylics, Polyvinyls"
P342138.mol,*C(C*)(C(=O)OCCCCCCOc1ccc(cc1)N=Nc1ccc(cc1)OCCCCCCCCCC)C,110.0,"Polyacrylics, Polyvinyls"
P342139.mol,*C(C*)C(=O)OCCCCCCOc1cc(c(cc1)C=Nc1ccc(cc1)OCCCCC)O,36.0,"Polyacrylics, Polyvinyls"
P342140.mol,*C(C*)C(=O)OCC1(COC(OC1)c1ccccc1)CC,50.0,"Polyacrylics, Polyvinyls"
P342141.mol,*C(C*)C(=O)OCCC(C(C(C(C(C(C(C(F)(F)F)(F)F)(F)F)(F)F)(F)F)(F)F)(F)F)(F)F,52.0,"Polyacrylics, Polyvinyls"
P342142.mol,*C(C*)(C(=O)OCCC(C(C(C(C(C(C(C(F)(F)F)(F)F)(F)F)(F)F)(F)F)(F)F)(F)F)(F)F)Cl,61.0,"Polyacrylics, Polyvinyls"
P342149.mol,*C(C*)(C(=O)OCCCCOc1ccc(cc1)N=Nc1ccc(cc1)C#N)C,80.0,"Polyacrylics, Polyvinyls"
P342150.mol,*C(C*)(C(=O)OCCCCCCCCOc1ccc(cc1)N=Nc1ccc(cc1)C#N)C,35.0,"Polyacrylics, Polyvinyls"
P342151.mol,*C(C*)(CCCCC)C(=O)OC,44.6,"Polyacrylics, Polyvinyls"
P342152.mol,*C(C*)C(=O)NCP(=O)(O)O,26.0,"Polyacrylics, Polyvinyls"
P342153.mol,*C(C*)(C(=O)OC1(CC(=O)OCC1)C)C,110.0,"Polyacrylics, Polyvinyls"
P342154.mol,*C(C*)(C(=O)OCC1OC(OC1)c1ccccc1)C,130.0,"Polyacrylics, Polyvinyls"
P342157.mol,*C(C*)C(=O)NC(CS(=O)(=O)O)(C)C,86.33,"Polyacrylics, Polyvinyls"
P342158.mol,*C(*)C(=O)OC1CCCCC1,140.0,"Polyacrylics, Polyvinyls"
P342159.mol,*C(*)C(=O)OC(C)C,70.0,"Polyacrylics, Polyvinyls"
P342160.mol,*C(C*)C(=O)OCCN(C)C,-39.0,"Polyacrylics, Polyvinyls"
P342168.mol,*C(C*)(C(=O)OCc1ccc2n(c3c(c2c1)cccc3)CC)C,131.14,"Polyacrylics, Polyvinyls"
P342169.mol,*C(C*)(C(=O)OCc1ccc2n(c3c(c2c1)cccc3)CCCC)C,87.0,"Polyacrylics, Polyvinyls"
P342170.mol,*C(C*)(C(=O)OCc1ccc2n(c3c(c2c1)cccc3)CCCCCC)C,73.0,"Polyacrylics, Polyvinyls"
P342171.mol,*C(C*)(C(=O)OCc1ccc2n(c3c(c2c1)cccc3)CCCCCCCC)C,45.0,"Polyacrylics, Polyvinyls"
P342172.mol,*C(C*)(C(=O)OCc1ccc2n(c3c(c2c1)cccc3)CCCCCCCCCC)C,29.0,"Polyacrylics, Polyvinyls"
P342173.mol,*C(C*)(C(=O)OCc1ccc2n(c3c(c2c1)cccc3)CCCCCCCCCCCC)C,25.0,"Polyacrylics, Polyvinyls"
P342174.mol,*C(C*)(C(=O)OCc1ccc2n(c3c(c2c1)cccc3)CCCCCCCCCCCCCC)C,26.0,"Polyacrylics, Polyvinyls"
P342175.mol,*C(C*)(C(=O)OCc1ccc2n(c3c(c2c1)cccc3)CCCCCCCCCCCCCCCC)C,23.0,"Polyacrylics, Polyvinyls"
P342176.mol,*C(C*)(C(=O)OCCOc1ccc(cc1)C(=O)Oc1ccc(cc1)OCCCC)Cl,153.0,"Polyacrylics, Polyvinyls"
P342186.mol,*C(C*)(C(=O)OCCN(c1ccc(cc1)C=Cc1ccc(cc1)[N+](=O)[O-])C)C,107.0,"Polyacrylics, Polyvinyls"
P342190.mol,*C(C*)(C(=O)OC1(C2CC3CC(CC1C3)C2)C)C,165.0,"Polyacrylics, Polyvinyls"
P342193.mol,*C(C*)(C(=O)OCCN(c1ccc(cc1)N(C)C)C)C,41.0,"Polyacrylics, Polyvinyls"
P342194.mol,*C(C*)(C(=O)OCCCN(c1ccc(cc1)N(C)C)C)C,12.5,"Polyacrylics, Polyvinyls"
P342195.mol,*C(C*)(C(=O)OCCCCCCN(c1ccc(cc1)N(C)C)C)C,8.5,"Polyacrylics, Polyvinyls"
P342196.mol,*C(C*)(C(=O)Oc1c(cccc1C(C)C)C(C)C)C,198.0,"Polyacrylics, Polyvinyls"
P342197.mol,*C(C*)(C(=O)OCCCCCCOc1ccc(cc1)C(=O)Oc1ccc(cc1)C#N)C,43.0,"Polyacrylics, Polyvinyls"
P342198.mol,*C(C*)(C(=O)OCCCCCCCCCCCOc1ccc(cc1)C(=O)Oc1ccc(cc1)C#N)C,10.0,"Polyacrylics, Polyvinyls"
P342207.mol,*C(C*)C(=O)OCCCCCCOc1ccc(cc1)c1ccc(cc1)C#N,42.0,"Polyacrylics, Polyvinyls"
P342208.mol,*C(C*)(C(=O)OCC1OC(OC1)CP(=O)(OCC)OCC)C,-38.0,"Polyacrylics, Polyvinyls"
P342209.mol,*C(C*)(C(=O)OC1COC(OC1)CP(=O)(OCC)OCC)C,-36.0,"Polyacrylics, Polyvinyls"
P342215.mol,*C(C*)C(=O)OCCN(c1ccc(cc1)N=Nc1c(cc(cc1)[N+](=O)[O-])Cl)CC,87.0,"Polyacrylics, Polyvinyls"
P342223.mol,*C(C*)(C(=O)Oc1ccc(cc1)N=Nc1ccc(cc1)OCCCCCCCCCCCOC(=O)c1cc2c(OCCOCCOCCOCCO2)cc1)C,19.0,"Polyacrylics, Polyvinyls"
P342224.mol,*C(C*)(C(=O)OCCCCCCOc1cc(ccc1)C(=O)Oc1ccc(cc1)C#N)C,38.0,"Polyacrylics, Polyvinyls"
P342226.mol,*C(C*)(C(=O)OCCN(c1ccc(cc1)[N+](=O)[O-])CC)C,98.0,"Polyacrylics, Polyvinyls"
P342227.mol,*C(C*)(C(=O)OCCCN(c1ccc(cc1)N=Nc1ccc(cc1)[N+](=O)[O-])CCO)C,131.0,"Polyacrylics, Polyvinyls"
P342228.mol,*C(C*)(C(=O)OCc1c(cc(cc1)F)F)C,46.0,"Polyacrylics, Polyvinyls"
P342229.mol,*C(C*)(C(=O)OCc1c(ccc(c1)F)F)C,50.0,"Polyacrylics, Polyvinyls"
P342230.mol,*C(C*)(C(=O)OCc1c(cccc1F)F)C,82.0,"Polyacrylics, Polyvinyls"
P342236.mol,*C(C*)(C(=O)OCCCCCCCCCCCOc1ccc(cc1)N=Nc1ccc(cc1)OC(=O)c1cc2c(OCCOCCOCCOCCO2)cc1)C,59.0,"Polyacrylics, Polyvinyls"
P342237.mol,*C(C*)(C(=O)Oc1ccc(cc1)C(=O)C=Cc1ccc(cc1)Cl)C,127.0,"Polyacrylics, Polyvinyls"
P342239.mol,*C(C*)(C(=O)OC1C(CCCC1)C(C)(C)C)C,156.13,"Polyacrylics, Polyvinyls"
P342241.mol,*C(C*)(C(=O)OCC(C1CC(C1)(c1ccccc1)C)O)C,105.0,"Polyacrylics, Polyvinyls"
P342242.mol,*C(C*)(C(=O)OCC(=O)c1ccccc1)C,92.5,"Polyacrylics, Polyvinyls"
P342257.mol,*C(C*)(C(=O)OCCOCCOCCOc1ccc(cc1)N=Nc1ccc(cc1)C#N)C,37.0,"Polyacrylics, Polyvinyls"
P342258.mol,*C(C*)(C(=O)OCCOCCOCCOCCOc1ccc(cc1)N=Nc1ccc(cc1)C#N)C,20.0,"Polyacrylics, Polyvinyls"
P342262.mol,*C(C(CC*)C)(C(=O)OC)C,41.29,"Polyacrylics, Polyvinyls"
P342263.mol,*C(C*)(C(=O)OCCC1CCCCC1)C,76.33,"Polyacrylics, Polyvinyls"
P342264.mol,*C(C*)(C(=O)OCCCC1CCCCC1)C,41.33,"Polyacrylics, Polyvinyls"
P342265.mol,*C(C*)(C(=O)OCCCCC1CCCCC1)C,29.33,"Polyacrylics, Polyvinyls"
P342268.mol,*C(CC(C*)C)(C(=O)OC)C,16.0,"Polyacrylics, Polyvinyls"
P342279.mol,*C(C*)(C(=O)OCCCCCCOc1ccc(cc1)N=Nc1ccc(cc1)C1OCC2(CO1)CC1C=CC2C1)C,118.5,"Polyacrylics, Polyvinyls"
P342280.mol,*C(C*)(C(=O)OCCCCCCCCOc1ccc(cc1)N=Nc1ccc(cc1)C1OCC2(CO1)CC1C=CC2C1)C,106.2,"Polyacrylics, Polyvinyls"
P342281.mol,*C(C*)(C(=O)OCCCCCCCCCCOc1ccc(cc1)N=Nc1ccc(cc1)C1OCC2(CO1)CC1C=CC2C1)C,103.2,"Polyacrylics, Polyvinyls"
P342282.mol,*C(C*)(C(=O)OCC1(COC1)CC)C,72.5,"Polyacrylics, Polyvinyls"
P342283.mol,*C(C*)(C(=O)OCc1ccc(cc1)C=CC(=O)Oc1ccc(cc1)OC)C,89.0,"Polyacrylics, Polyvinyls"
P342284.mol,*C(C*)(C(=O)OCc1ccc(cc1)C=CC(=O)C1c2c(C(=O)c3c1cccc3)cccc2)C,163.0,"Polyacrylics, Polyvinyls"
P342285.mol,*C(C*)(C(=O)OCc1ccc(cc1)C=CC(=O)Oc1cc2c(cc1)oc(=O)cc2)C,140.0,"Polyacrylics, Polyvinyls"
P342286.mol,*C(C*)(C(=O)OCc1cc(c(cc1)Cl)Cl)C,34.45,"Polyacrylics, Polyvinyls"
P342289.mol,*C(C*)(C(=O)OCSC)C,60.0,"Polyacrylics, Polyvinyls"
P342295.mol,*C(C(*)(C(=O)OC(C([2H])([2H])[2H])([2H])[2H])C([2H])([2H])[2H])([2H])[2H],94.0,"Polyacrylics, Polyvinyls"
P342296.mol,*C(C*)(C(=O)OCCN(c1ccc(cc1)N=Nc1ccc(cc1)S(=O)(=O)Nc1nccs1)CCCC)C,53.0,"Polyacrylics, Polyvinyls"
P342299.mol,*C(C*)C(=O)Oc1cc(cc(c1)C)C,54.0,"Polyacrylics, Polyvinyls"
P342306.mol,*C(C*)(C(=O)OCCN(c1ccc(cc1)N=Nc1ccc(cc1)S(=O)(=O)Nc1noc(c1)C)C)C,114.0,"Polyacrylics, Polyvinyls"
P342307.mol,*C(C*)(C(=O)OCCN(c1ccc(cc1)N=Nc1ccc(cc1)S(=O)(=O)Nc1noc(c1)C)CCCC)C,114.0,"Polyacrylics, Polyvinyls"
P342326.mol,*C(C*)(C(=O)Oc1ccc(cc1)C(=O)C=Cc1cc(c(cc1)OC)OC)C,137.0,"Polyacrylics, Polyvinyls"
P342342.mol,*C(C*)(C(=O)OCCCCCC(=O)Oc1ccc(cc1)OC(=O)c1ccc(cc1)OC)C,40.0,"Polyacrylics, Polyvinyls"
P342343.mol,*C(C*)(C(=O)OCCCCCC(=O)Oc1ccc(cc1)OC(=O)c1ccc(cc1)OCC)C,43.0,"Polyacrylics, Polyvinyls"
P342344.mol,*C(C*)(C(=O)OCCCCCC(=O)Oc1ccc(cc1)OC(=O)c1ccc(cc1)OCCC)C,45.0,"Polyacrylics, Polyvinyls"
P342345.mol,*C(C*)(C(=O)OCCCCCC(=O)Oc1ccc(cc1)OC(=O)c1ccc(cc1)OCCCC)C,40.0,"Polyacrylics, Polyvinyls"
P342346.mol,*C(C*)(C(=O)OCCCCCC(=O)Oc1ccc(cc1)OC(=O)c1ccc(cc1)OCCCCC)C,50.0,"Polyacrylics, Polyvinyls"
P342347.mol,*C(C*)(C(=O)OCCCCCC(=O)Oc1ccc(cc1)OC(=O)c1ccc(cc1)OCCCCCC)C,44.0,"Polyacrylics, Polyvinyls"
P342348.mol,*C(C*)(CC(=O)OC1CCC1)C(=O)OC1CCC1,60.0,"Polyacrylics, Polyvinyls"
P342349.mol,*C(C*)(CC(=O)OC1CCCCCC1)C(=O)OC1CCCCCC1,105.0,"Polyacrylics, Polyvinyls"
P342351.mol,*C(C*)C(=O)Oc1ccc(cc1)C(=O)OCc1ccccc1,16.25,"Polyacrylics, Polyvinyls"
P342352.mol,*C(C*)(C(=O)OCc1cscc1)C,83.5,"Polyacrylics, Polyvinyls"
P342353.mol,*C(C*)(C(=O)OCC1CCC1)C,114.0,"Polyacrylics, Polyvinyls"
P342363.mol,*C(C*)C(=O)Nc1c(cccc1)Cl,63.0,"Polyacrylics, Polyvinyls"
P342364.mol,*C(C*)C(=O)Nc1cc(ccc1)Cl,70.0,"Polyacrylics, Polyvinyls"
P342365.mol,*C(C*)C(=O)Nc1ccc(cc1)Cl,76.0,"Polyacrylics, Polyvinyls"
P342370.mol,*C(C*)C(=O)NCCC[N+](CCCS(=O)(=O)O)(C)C,141.5,"Polyacrylics, Polyvinyls"
P342375.mol,*C(C*)C(=O)NCCC[N+](C)(C)C,78.0,"Polyacrylics, Polyvinyls"
P342388.mol,*C(C*)C(=O)OCCOCC1(COC1)CC,-16.0,"Polyacrylics, Polyvinyls"
P342390.mol,*C(C*)(C(=O)OCCCCCCCCCCn1c2ccc(cc2c2ccccc12)N=Nc1ccc(cc1)[N+](=O)[O-])C,36.0,"Polyacrylics, Polyvinyls"
P342394.mol,*C(C*)(C(=O)Nc1cc(ccc1)c1oc(nn1)c1ccccc1)C,65.0,"Polyacrylics, Polyvinyls"
P342396.mol,*C(C*)(C(=O)OCC(=O)Nc1noc(c1)C)C,128.0,"Polyacrylics, Polyvinyls"
P342402.mol,*C(C*)(C(=O)OCCn1c2ccc(cc2c2ccccc12)N=Nc1ccc(cc1)[N+](=O)[O-])C,164.0,"Polyacrylics, Polyvinyls"
P342403.mol,*C(C*)(C(=O)OCCCCCCOc1ccc(cc1)N=Nc1ccncc1)C,40.0,"Polyacrylics, Polyvinyls"
P342404.mol,*C(C*)(CC(=O)OCCCl)C(=O)OCCCl,43.0,"Polyacrylics, Polyvinyls"
P342405.mol,*C(C*)(CC(=O)OCCCCl)C(=O)OCCCCl,47.0,"Polyacrylics, Polyvinyls"
P342406.mol,*C(C*)(C(=O)OCC1OCCOCCOCCOC1)C,35.0,"Polyacrylics, Polyvinyls"
P342413.mol,*C(C*)(C(=O)OCC(=O)N1CCOCC1)C,128.0,"Polyacrylics, Polyvinyls"
P342414.mol,*C(C*)(C(=O)OCC(=O)N1CCCC1)C,144.0,"Polyacrylics, Polyvinyls"
P342417.mol,*C(C*)C(=O)Oc1ccc(cc1)C(=O)Oc1ccc(cc1)OC(=O)c1ccc(cc1)OCCCC,47.0,"Polyacrylics, Polyvinyls"
P342418.mol,*C(C*)C(=O)Oc1ccc(cc1)C(=O)Oc1ccc(cc1)OC(=O)c1ccc(cc1)OCCCCC,48.0,"Polyacrylics, Polyvinyls"
P342419.mol,*C(C*)C(=O)OCCOc1ccc(cc1)C(=O)Oc1ccc(cc1)OC(=O)c1ccc(cc1)OCCCC,45.0,"Polyacrylics, Polyvinyls"
P342420.mol,*C(C*)C(=O)OCCOc1ccc(cc1)C(=O)Oc1ccc(cc1)OC(=O)c1ccc(cc1)OCCCCC,46.0,"Polyacrylics, Polyvinyls"
P342423.mol,*C(C*)C(=O)Oc1ccc(cc1)[N+](=O)[O-],73.3,"Polyacrylics, Polyvinyls"
P342424.mol,*C(C*)C(=O)Nc1ccc(cc1)C(=O)C=Cc1cc(ccc1)Br,55.0,"Polyacrylics, Polyvinyls"
P342425.mol,*C(C*)C(=O)Nc1ccc(cc1)C(=O)C=Cc1ccc(cc1)Br,64.0,"Polyacrylics, Polyvinyls"
P342426.mol,*C(C*)(C(=O)OCCN(c1ccc(cc1)N=Nc1c(cc(cc1)N=Nc1ccc(cc1)C#N)C)C)C,111.57,"Polyacrylics, Polyvinyls"
P342427.mol,*C(C*)(C(=O)OC(COc1c2c(ccc1)cccc2)COc1c2c(ccc1)cccc2)C,80.0,"Polyacrylics, Polyvinyls"
P342428.mol,*C(C*)(C(=O)OC(COc1ccc(cc1)c1ccccc1)COc1ccc(cc1)c1ccccc1)C,85.0,"Polyacrylics, Polyvinyls"
P342429.mol,*C(C*)(C(=O)OC(COc1c2ccccc2c2ccccc2c1)COc1c2ccccc2c2ccccc2c1)C,112.0,"Polyacrylics, Polyvinyls"
P342436.mol,*C(C*)(C(=O)OCCN(c1ccc(cc1)N=Nc1sc2c(n1)ccc(c2)[N+](=O)[O-])CC)C,140.0,"Polyacrylics, Polyvinyls"
P342437.mol,*C(C*)(C(=O)OCCN(c1ccc(cc1)N=Nc1ccc(cc1)S(=O)(=O)C)CC)C,144.0,"Polyacrylics, Polyvinyls"
P342438.mol,*C(C*)(C(=O)OCCS(=O)(=O)c1ccc(cc1)N=Nc1ccc(cc1)N(CC)CC)C,142.0,"Polyacrylics, Polyvinyls"
P342439.mol,*C1C2C(C(C1)CC*)C1C(CC2C1)(C(=O)OC)C,152.46,"Polyacrylics, Polyvinyls"
P342441.mol,*C(C*)(C(=O)OCCC1CCN(CC1)CCCCCCOc1ccc(cc1)N=Nc1ccc(cc1)[N+](=O)[O-])C,27.0,"Polyacrylics, Polyvinyls"
P342445.mol,*C(C*)C(=O)OC([2H])([2H])[2H],25.75,"Polyacrylics, Polyvinyls"
P342450.mol,*C(C*)C(=O)OCCCCOc1ccc(cc1)c1ccc(cc1)C#N,30.0,"Polyacrylics, Polyvinyls"
P342451.mol,*C(C*)(C(=O)Nc1ccc(cc1)C(=O)C=Cc1ccc(cc1)OC)C,35.0,"Polyacrylics, Polyvinyls"
P342452.mol,*C(C*)(C(=O)OC)CCC,73.75,"Polyacrylics, Polyvinyls"
P342453.mol,*C(C*)(CCCCCCCC)C(=O)OC,20.0,"Polyacrylics, Polyvinyls"
P342455.mol,*C(C*)(C(=O)OCC[N+](CCCCS(=O)(=O)O)(C)C)C,261.0,"Polyacrylics, Polyvinyls"
P342456.mol,*C(C*)(C(=O)OCCOCC[N+](CCCCS(=O)(=O)O)(CC)CC)C,95.0,"Polyacrylics, Polyvinyls"
P342457.mol,*C(C*)(C(=O)OCCOCCOCC[N+](CCCCS(=O)(=O)O)(CC)CC)C,27.0,"Polyacrylics, Polyvinyls"
P342458.mol,*C(C*)(C(=O)Oc1ccc(cc1)c1oc(nn1)c1ccc(cc1)C(C)(C)C)C,156.0,"Polyacrylics, Polyvinyls"
P342461.mol,*C(C*)C(=O)OCCCCCCCCCCCCOc1ccc(cc1)C(=O)Oc1ccc(cc1)c1cc(ccc1)OC(=O)c1ccc(cc1)OC(=O)c1ccc(cc1)OCCCCCCCCCCCC,67.0,"Polyacrylics, Polyvinyls"
P342462.mol,*C(C*)(C(=O)OCCCCCCOc1ccc(cc1)C(=O)Oc1ccc(cc1)c1cc(ccc1)OC(=O)c1ccc(cc1)OC(=O)c1ccc(cc1)OCCCCCCCCCCCC)C,73.0,"Polyacrylics, Polyvinyls"
P342463.mol,*C(C*)(C(=O)OCCCCCCCCCCCCOc1ccc(cc1)C(=O)Oc1ccc(cc1)c1cc(ccc1)OC(=O)c1ccc(cc1)OC(=O)c1ccc(cc1)OCCCCCCCCCCCC)C,74.5,"Polyacrylics, Polyvinyls"
P342467.mol,*C(C*)(C(=O)Oc1cc(c(cc1)[N+](=O)[O-])C)C,101.0,"Polyacrylics, Polyvinyls"
P342470.mol,*C(C*)(C(=O)OCCC(C(C(C(F)(F)F)(F)F)(F)F)(F)F)C,23.0,"Polyacrylics, Polyvinyls"
P342472.mol,*C(C*)(C(=O)OCCCCC(C(C(C(F)(F)F)(F)F)(F)F)(F)F)C,23.0,"Polyacrylics, Polyvinyls"
P342474.mol,*C(C*)(C(=O)OCCCCCCC(C(C(C(F)(F)F)(F)F)(F)F)(F)F)C,23.0,"Polyacrylics, Polyvinyls"
P342475.mol,*C(C*)C(=O)Oc1ccc(cc1)N=Nc1ccc(cc1)[N+](=O)[O-],128.2,"Polyacrylics, Polyvinyls"
P342476.mol,*C(C*)C(=O)Oc1ccc(cc1)N=Nc1ccc(cc1)OC,133.6,"Polyacrylics, Polyvinyls"
P342483.mol,*C(C*)(C(=O)OCCn1c2ccc(cc2c2ccccc12)N=Nc1c(cc(cc1)[N+](=O)[O-])[N+](=O)[O-])C,182.0,"Polyacrylics, Polyvinyls"
P342484.mol,*C(C*)(C(=O)OCCCCn1c2ccc(cc2c2ccccc12)N=Nc1c(cc(cc1)[N+](=O)[O-])[N+](=O)[O-])C,132.0,"Polyacrylics, Polyvinyls"
P342485.mol,*C(C*)(C(=O)OCCCCCCn1c2ccc(cc2c2ccccc12)N=Nc1c(cc(cc1)[N+](=O)[O-])[N+](=O)[O-])C,125.0,"Polyacrylics, Polyvinyls"
P342486.mol,*C(C*)(C(=O)OCCCCCCCCCCn1c2ccc(cc2c2ccccc12)N=Nc1c(cc(cc1)[N+](=O)[O-])[N+](=O)[O-])C,60.0,"Polyacrylics, Polyvinyls"
P342487.mol,*C(C*)(C(=O)OCCCCCCCCCCn1c2ccc(cc2c2ccccc12)C=C(c1ccc(cc1)[N+](=O)[O-])C#N)C,40.0,"Polyacrylics, Polyvinyls"
P342488.mol,*C(C*)(C(=O)OCCCCCCCCCCn1c2ccc(cc2c2ccccc12)C=C(C(=O)OC)C#N)C,58.0,"Polyacrylics, Polyvinyls"
P342489.mol,*C(C*)(C(=O)OCCCCCCCCCCn1c2ccc(cc2c2ccccc12)C=CC1=C(C(=C(C#N)C#N)OC1(C)C)C#N)C,55.0,"Polyacrylics, Polyvinyls"
P342490.mol,*C(C*)(C(=O)OCc1cc(ccc1)Cl)C,18.25,"Polyacrylics, Polyvinyls"
P342491.mol,*C(C*)(C(=O)OCc1ccc(cc1)Cl)C,43.6,"Polyacrylics, Polyvinyls"
P342492.mol,*C(C*)(C(=O)OCc1c(c(ccc1)Cl)Cl)C,42.6,"Polyacrylics, Polyvinyls"
P342493.mol,*C(C*)(C(=O)OCc1c(cc(cc1)Cl)Cl)C,19.4,"Polyacrylics, Polyvinyls"
P342494.mol,*C(C*)(C(=O)OCc1c(ccc(c1)Cl)Cl)C,27.8,"Polyacrylics, Polyvinyls"
P342495.mol,*C(C*)(C(=O)OCc1c(cccc1Cl)Cl)C,58.9,"Polyacrylics, Polyvinyls"
P342496.mol,*C(C*)(C(=O)OCc1cc(cc(c1)Cl)Cl)C,29.95,"Polyacrylics, Polyvinyls"
P342498.mol,*C(C*)(C(=O)OC1CCOCC1)C,153.5,"Polyacrylics, Polyvinyls"
P342499.mol,*C(C*)(C(=O)Oc1ccc(cc1)C(=O)c1ccccc1)C,118.0,"Polyacrylics, Polyvinyls"
P342500.mol,*C(C*)(C(=O)OCCCCCCOc1ccc(cc1)N=Nc1ccc(cc1)OCCCC)C,79.0,"Polyacrylics, Polyvinyls"
P342506.mol,*C(C*)(C(=O)Oc1ccc(cc1)C(=O)C=Cc1ccc(cc1)OCc1ccccc1)C,152.0,"Polyacrylics, Polyvinyls"
P342507.mol,*C(C*)(C(=O)Oc1ccc(cc1)N=Nc1ccc(cc1)[N+](=O)[O-])C,145.0,"Polyacrylics, Polyvinyls"
P342508.mol,*C(C*)(C(=O)OCCOc1ccc(cc1)N=Nc1ccc(cc1)[N+](=O)[O-])C,112.0,"Polyacrylics, Polyvinyls"
P342509.mol,*C(C*)(C(=O)OCCCCCCOc1ccc(cc1)N=Nc1ccc(cc1)[N+](=O)[O-])C,108.0,"Polyacrylics, Polyvinyls"
P342510.mol,*C(C*)(C(=O)Oc1ccc(cc1)N=Nc1ccc(cc1)OC)C,120.0,"Polyacrylics, Polyvinyls"
P342511.mol,*C(C*)(C(=O)OCCOc1ccc(cc1)N=Nc1ccc(cc1)OC)C,109.0,"Polyacrylics, Polyvinyls"
P342514.mol,*C(C*)(C(=O)OCCCCCCOc1ccc(cc1)C(=O)Oc1c2c(c(cc1)N=Nc1ccccc1)cccc2)C,46.0,"Polyacrylics, Polyvinyls"
P342515.mol,*C(C*)(C(=O)OCCCCCCOc1ccc(cc1)C(=O)Oc1c2c(c(cc1)N=Nc1ccc(cc1)C)cccc2)C,40.0,"Polyacrylics, Polyvinyls"
P342516.mol,*C(C*)(C(=O)OCCCCCCOc1ccc(cc1)C(=O)Oc1c2c(c(cc1)N=Nc1ccc(cc1)C#N)cccc2)C,41.0,"Polyacrylics, Polyvinyls"
P342517.mol,*C(C*)(C(=O)OCCCOc1ccc(cc1)C(=O)Oc1ccc2c(c1)oc(=O)cc2)C,68.0,"Polyacrylics, Polyvinyls"
P342518.mol,*C(C*)(C(=O)OCCCCCCOc1ccc(cc1)C(=O)Oc1ccc2c(c1)oc(=O)cc2)C,102.0,"Polyacrylics, Polyvinyls"
P342521.mol,*C(C*)(C(=O)OCC1N(CC(C1)NC(=O)OC(C)(C)C)C(=O)OC(C)(C)C)C,127.0,"Polyacrylics, Polyvinyls"
P342522.mol,*C(C*)(C(=O)OCC1N(CC(C1)NC(=O)C1N(CC(C1)NC(=O)OC(C)(C)C)C(=O)OC(C)(C)C)C(=O)C1N(CC(C1)NC(=O)OC(C)(C)C)C(=O)OC(C)(C)C)C,200.0,"Polyacrylics, Polyvinyls"
P342526.mol,*C(C*)(C(=O)OCC1OC(C(C1O)O)n1c(=O)[nH]c(=O)cc1)C,151.0,"Polyacrylics, Polyvinyls"
P342527.mol,*C(C*)(C(=O)NC1C(OC(C(C1O)O)CO)O)C,100.0,"Polyacrylics, Polyvinyls"
P342529.mol,*C(C*)(C(=O)OC1(CN(CCC1)c1ccc(cc1)N=Nc1ccc(cc1)C=C(S(=O)(=O)C)C#N)C)C,196.0,"Polyacrylics, Polyvinyls"
P342530.mol,*C(C*)(C(=O)OCCCCCCCCCCOc1ccc(cc1)C#Cc1c(cc(c(c1)C)C=Cc1ccncc1)C)C,51.0,"Polyacrylics, Polyvinyls"
P342541.mol,*C(C*)(C(=O)OCCCCCCCCCCOc1ccc(cc1)C#Cc1c(cc(c(c1)OC)C=Cc1ccncc1)OC)C,62.0,"Polyacrylics, Polyvinyls"
P342543.mol,*C(C*)(C(=O)OCCCCCCCCCCOc1ccc(cc1)C(=O)Oc1ccc(cc1)C(=O)C=Cc1c(c2c(n1CCCC)cccc2)C)C,57.0,"Polyacrylics, Polyvinyls"
P342544.mol,*C(C*)(C(=O)OCCCCCCCCOc1ccc(cc1)C(=O)Oc1ccc(cc1)C(=O)C=Cc1c(c2c(n1CCCC)cccc2)C)C,69.0,"Polyacrylics, Polyvinyls"
P342545.mol,*C(C*)(C(=O)OCCCCCCOc1ccc(cc1)C(=O)Oc1ccc(cc1)C(=O)C=Cc1c(c2c(n1CCCC)cccc2)C)C,85.0,"Polyacrylics, Polyvinyls"
P342546.mol,*C(C*)(C(=O)OCCCCCCCCCCOc1ccc(cc1)C(=O)Oc1ccc(cc1)C(=O)C=Cc1c(c2c(n1C)cccc2)C)C,72.0,"Polyacrylics, Polyvinyls"
P342547.mol,*C(C*)(C(=O)OCCCCCCCCOc1ccc(cc1)C(=O)Oc1ccc(cc1)C(=O)C=Cc1c(c2c(n1C)cccc2)C)C,75.0,"Polyacrylics, Polyvinyls"
P342548.mol,*C(C*)(C(=O)OCCCCCCOc1ccc(cc1)C(=O)Oc1ccc(cc1)C(=O)C=Cc1c(c2c(n1C)cccc2)C)C,98.0,"Polyacrylics, Polyvinyls"
P342559.mol,*C(C*)(C(=O)OCCCCC(C(C(C(C(C(F)(F)F)(F)F)(F)F)(F)F)(F)F)(F)F)C,23.0,"Polyacrylics, Polyvinyls"
P342563.mol,*C(C*)(C(=O)OCCN(c1cc(c(cc1)N=Nc1ccc(cc1)OC)C)CC)C,95.0,"Polyacrylics, Polyvinyls"
P342569.mol,*C(C*)C(=O)OCCCOc1ccc(cc1)C(=O)OCCCC(C(C(C(C(C(F)(F)F)(F)F)(F)F)(F)F)(F)F)(F)F,17.0,"Polyacrylics, Polyvinyls"
P342570.mol,*C(C*)C(=O)OCCCOc1ccc(cc1)C(=O)OCCCC(C(C(C(C(C(C(C(F)(F)F)(F)F)(F)F)(F)F)(F)F)(F)F)(F)F)(F)F,48.0,"Polyacrylics, Polyvinyls"
P342571.mol,*C(C*)(C(=O)OCCCCCCCCCCCCCCC(=O)NC1OC(C(C(C1OC(=O)C)OC(=O)C)OC1OC(C(C(C1OC(=O)C)OC(=O)C)OC(=O)C)COC(=O)C)COC(=O)C)C,95.2,"Polyacrylics, Polyvinyls"
P342572.mol,*C(C*)(C(=O)OCCCCCCCCCCCCCCC(=O)NC1OC(C(C(C1O)O)OC1OC(C(C(C1O)O)O)CO)CO)C,133.1,"Polyacrylics, Polyvinyls"
P342573.mol,*C(C*)(C(=O)OCCCCCCOc1ccc(cc1)C(=O)Oc1c2c(c(cc1)N=Nc1ccc(cc1)F)cccc2)C,42.0,"Polyacrylics, Polyvinyls"
P342574.mol,*C(C*)(C(=O)OCCCCCCOc1ccc(cc1)C(=O)Oc1c2c(c(cc1)N=Nc1ccc(cc1)Cl)cccc2)C,50.0,"Polyacrylics, Polyvinyls"
P342575.mol,*C(C*)(C(=O)OCCCCCCOc1ccc(cc1)C(=O)Oc1c2c(c(cc1)N=Nc1ccc(cc1)Br)cccc2)C,46.0,"Polyacrylics, Polyvinyls"
P342576.mol,*C(C*)(C(=O)OCCCCCCOc1ccc(cc1)C(=O)Oc1c2c(c(cc1)N=Nc1ccc(cc1)I)cccc2)C,40.0,"Polyacrylics, Polyvinyls"
P342580.mol,*C(C*)(C(=O)OCCCCCCN1CCN(CC1)c1ccc(cc1)N=Nc1ccc(cc1)C#N)C,77.0,"Polyacrylics, Polyvinyls"
P342582.mol,*C(C*)(C(=O)OCCN(CC)c1ccccc1)C,36.5,"Polyacrylics, Polyvinyls"
P342583.mol,*C(C*)(C(=O)OCCN(c1ccc(cc1)N=Nc1ccc(cc1)C#N)CC)C,116.25,"Polyacrylics, Polyvinyls"
P342584.mol,*C1C2CC(C(C1*)C2)C(=O)OCCc1ccc(cc1)N(c1ccccc1)c1ccccc1,307.0,"Polyacrylics, Polyvinyls"
P342585.mol,*C1C2CC(C(C1*)C2)C(=O)OCCc1ccc(cc1)N(c1cc(ccc1)C)c1ccccc1,305.0,"Polyacrylics, Polyvinyls"
P342586.mol,*C1C2CC(C(C1*)C2)C(=O)OCCc1ccc(cc1)N(c1c2c(ccc1)cccc2)c1ccccc1,333.0,"Polyacrylics, Polyvinyls"
P342589.mol,*C(C*)(C(=O)OCCCCCCCCCCOc1ccc(cc1)N=Nc1ccc(cc1)[N+](=O)[O-])C,55.0,"Polyacrylics, Polyvinyls"
P342590.mol,*C(C*)(C(=O)OCCCCCCCCCCOc1ccc(cc1)N=Nc1ccc(cc1)C#N)C,51.0,"Polyacrylics, Polyvinyls"
P342591.mol,*C(C*)(C(=O)OCCCCCCCCCCOc1ccc(cc1)N=Nc1ccc(cc1)F)C,49.0,"Polyacrylics, Polyvinyls"
P342592.mol,*C(C*)(C(=O)OCCCCCCCCCCOc1ccc(cc1)N=Nc1ccc(cc1)Cl)C,54.0,"Polyacrylics, Polyvinyls"
P342593.mol,*C(C*)(C(=O)OCCCCCCCCCCOc1ccc(cc1)N=Nc1ccccc1)C,56.0,"Polyacrylics, Polyvinyls"
P342594.mol,*C(C*)(C(=O)OCCCCCCCCCCOc1ccc(cc1)N=Nc1ccc(cc1)OC)C,62.0,"Polyacrylics, Polyvinyls"
P342597.mol,*C(C*)(C(=O)OCC[N+](CCCCCCC)(C)C)C,-44.0,"Polyacrylics, Polyvinyls"
P342598.mol,*C(C*)(C(=O)OCCCCCCN1CCN(CC1)c1ccc(cc1)N=Nc1ccc(cc1)[N+](=O)[O-])C,60.0,"Polyacrylics, Polyvinyls"
P342599.mol,*C(C*)(C(=O)OCCCCCCN1CCN(CC1)c1ccc(cc1)N=Nc1ccc(cc1)C=C(C#N)C#N)C,83.0,"Polyacrylics, Polyvinyls"
P342604.mol,*C(C*)(C(=O)OCC#CO[Si](C)(C)C)C,57.0,"Polyacrylics, Polyvinyls"
P342613.mol,*C(C*)(C(=O)Oc1ccc(cc1)C=Cc1ccccc1)C,143.0,"Polyacrylics, Polyvinyls"
P342614.mol,*C(C*)(C(=O)Oc1c(cc(cc1OC)C=Cc1ccccc1)OC)C,140.0,"Polyacrylics, Polyvinyls"
P342616.mol,*C(C*)(C(=O)OCc1cc2c(OCCOCCOCCOCCO2)cc1)C,38.0,"Polyacrylics, Polyvinyls"
P342617.mol,*C(C*)(C(=O)OCc1cc(c(cc1)OCCOCC)OCCOCC)C,-2.0,"Polyacrylics, Polyvinyls"
P342618.mol,*C(C*)(C(=O)OCc1cc(c(cc1)OCCOCCOCC)OCCOCCOCC)C,-33.0,"Polyacrylics, Polyvinyls"
P342619.mol,*C(C*)(C(=O)OCc1cc(c(cc1)OCCOCCOCCOCC)OCCOCCOCCOCC)C,-92.0,"Polyacrylics, Polyvinyls"
P342620.mol,*C1C2C(C(C(C1*)C2)C(=O)OCc1ccccc1)C(=O)OCc1ccccc1,277.0,"Polyacrylics, Polyvinyls"
P342621.mol,*C1C2C(C(C(C1*)C2)C(=O)OCCc1ccccc1)C(=O)OCCc1ccccc1,254.0,"Polyacrylics, Polyvinyls"
P342622.mol,*C1C2C(C(C(C1*)C2)C(=O)OCCCc1ccccc1)C(=O)OCCCc1ccccc1,200.0,"Polyacrylics, Polyvinyls"
P342623.mol,*C1C2C(C(C(C1*)C2)C(=O)OCC12CC3CC(CC(C1)C3)C2)C(=O)OCC12CC3CC(CC(C1)C3)C2,328.0,"Polyacrylics, Polyvinyls"
P342624.mol,*C1C2C(C(C(C1*)C2)C(=O)OCCC12CC3CC(CC(C1)C3)C2)C(=O)OCCC12CC3CC(CC(C1)C3)C2,300.0,"Polyacrylics, Polyvinyls"
P342625.mol,*C1C2C(C(C(C1*)C2)C(=O)OCC1C2CCC(C1)C2)C(=O)OCC1C2CCC(C1)C2,320.0,"Polyacrylics, Polyvinyls"
P342626.mol,*C1C2C(C(C(C1*)C2)C(=O)OCCC1C2CCC(C1)C2)C(=O)OCCC1C2CCC(C1)C2,260.0,"Polyacrylics, Polyvinyls"
P342634.mol,*C(C*)(C(=O)Oc1ccc(cc1)OCc1ccccc1)C,95.3,"Polyacrylics, Polyvinyls"
P342639.mol,*C(C*)(C(=O)OCCC1CC[N+](CC1)(CCCCCCOc1ccc(cc1)N=Nc1ccc(cc1)[N+](=O)[O-])C)C,57.8,"Polyacrylics, Polyvinyls"
P342642.mol,*C(C*)C(=O)N1CC[NH+](CC1)CC,72.5,"Polyacrylics, Polyvinyls"
P342646.mol,*C(C*)(C(=O)OCCC[Si]12O[Si]3(O[Si]4(O[Si]5(O[Si](O[Si](O[Si](O[Si](O1)(O4)CC(C)C)(O5)CC(C)C)(O2)CC(C)C)(O3)CC(C)C)CC(C)C)CC(C)C)CC(C)C)C,85.0,"Polyacrylics, Polyvinyls"
P342661.mol,*C(C*)(C(=O)OC1CCCCCCC1)C,73.0,"Polyacrylics, Polyvinyls"
P342662.mol,*C(C*)(C(=O)OC1CCCCCCCCC1)C,58.0,"Polyacrylics, Polyvinyls"
P342663.mol,*C(C*)(C(=O)OC1CCCCCCCCCCC1)C,56.0,"Polyacrylics, Polyvinyls"
P342664.mol,*C(C*)(C)C(=O)OC(C(OC(=O)C(*)C*)C1COC(O1)CP(=O)(OCC)OCC)C1COC(O1)CP(=O)(OCC)OCC,3.0,"Polyacrylics, Polyvinyls"
P342665.mol,*C(C*)(C)C(=O)OCC1(COC(OC1)CP(=O)(OCC)OCC)COCC1(COC(OC1)CP(=O)(OCC)OCC)COC(=O)C(*)C*,58.0,"Polyacrylics, Polyvinyls"
P342667.mol,*C(C*)(C(=O)OCCCCCCCC[n+]1ccc(cc1)N(C)C)C,70.0,"Polyacrylics, Polyvinyls"
P342668.mol,*C(C*)(C(=O)OCCCCCCCCCCCC[n+]1ccc(cc1)N(C)C)C,55.5,"Polyacrylics, Polyvinyls"
P342669.mol,*C(C*)(C(=O)OCCCCCCCCCCCCCCCC[n+]1ccc(cc1)N(C)C)C,60.0,"Polyacrylics, Polyvinyls"
P342675.mol,*C(C(C(C*)OC(=O)C)C(=O)OCCCC)C(=O)OCCCC,-12.0,"Polyacrylics, Polyvinyls"
P342677.mol,*C(C*)(C(=O)OCCCCCCOc1c(cc(cc1)C=CC1=C(C(=C(C#N)C#N)OC1(C)C)C#N)OCCCCCC)C,80.0,"Polyacrylics, Polyvinyls"
P342679.mol,*C(C*)C(=O)NCC(=O)N,186.0,"Polyacrylics, Polyvinyls"
P342682.mol,*C(C*)(C(=O)OCC(=O)c1cc2c(o1)ccc(c2)Br)C,137.0,"Polyacrylics, Polyvinyls"
