Smiles,Dielec
*C(C*)CC(C)C,3.4
*C(C*)C1CCCCC1,2.265
*/C=C/CC*,2.15
*C1CC(CC1)C=C*,2.543333333
*C(C*)c1ccccc1,2.965128319
*C(C*)c1cc(ccc1)Cl,2.85
*C(C*)c1ccc(cc1)C,2.650166667
*C(C*)c1ccc(cc1)Cl,2.690466667
*C(C*)c1ccc(cc1)OC,3.65
*C(C*)c1ccc(cc1)OCCCC,3.62
*C(C*)c1ccc(cc1)Oc1ccccc1,2.93
*C(C*)c1c(c(c(c(c1F)F)F)F)F,2.034416667
*C(C(*)(F)F)(c1ccccc1)F,2.555
*C(C*)c1cc2c(cc1)cccc2,2.8725
*C(C*)c1ccncc1,3.685
*C(C*)c1ccc(cc1)O,4.65
*C(C*)C#N,3.116666667
*C(C*)OC(=O)C,4.433166667
*C=CC(C(*)C(=O)OC)C,3.5
*C(C*)N1C(=O)CCC1,3.141666667
*C(C*)C(=O)OC(C)C,4.55
*C(C*)C(=O)OC(C(F)(F)F)C(F)(F)F,3.25
*C(C*)(C(=O)OC)C,3.803730293
*C(C*)(C(=O)OCC)C,3.57375
*C(C*)(C(=O)OCCC)C,3
*C(C*)(C(=O)OCCCC)C,4.573333333
*C(C*)(C(=O)OCCCCCCCC)C,2.73
*C(C*)(C(=O)OCCCCCCCCCCCC)C,3.01
*C(C*)(C(=O)OC1CCCCC1)C,2.6825
*C(C*)(C(=O)OCc1ccccc1)C,3.027
*C(C*)(C(=O)OCCCl)C,3.25
*C(C*)(C(=O)OCC(F)(F)F)C,3.2
*C(C*)(C(=O)OCc1c(cccc1)Cl)C,3.43
*C(C*)(C(=O)OC)Cl,3.75
*C(C*)C(=O)NCCCCCCCCCCCC,4.1
*C(C*)(C(=O)OCCC(CC(C)(C)C)C)C,2.535
*C(C*)(C(=O)OCC[N+](=O)[O-])C,4.8
*C(C*)(C(=O)OCCO[N+](=O)[O-])C,4.7
*C(C*)(CC(=O)OCC)C(=O)OCC,4.2
*C(C*)(CC(=O)OCCCC)C(=O)OCCCC,4.2
*C(C*)(CC(=O)OC1CCCCC1)C(=O)OC1CCCCC1,2.2
*C(C*)(C(=O)OC1CCC(CC1)C(C)(C)C)C,4
*C(C*)(CC(=O)OC)C(=O)OC,5.3
*C(C*)(CC(=O)OCCC)C(=O)OCCC,4.5
*C(C*)(C(=O)OCC)C#N,4.04
*C(C*)(C(=O)OCC1OC1)C,4.9
*C(C*)(C(=O)Oc1ccc(cc1)[N+](=O)[O-])C,2.8
*C(C*)Cl,3.585555556
*C(C(*)(F)F)(Cl)F,2.595944444
*C(C(CC*)(F)F)(F)F,2.63
*/C(=C\CC*)/Cl,3.565
*C(=CCC*)C,2.695
*OCC*,4.17375
*OC(C*)C,5.32
*OC(C*)CC,3.989166667
*OC(C*)COCCCC,4.773333333
*OCCC*,3.4
*OCCCC*,2.866666667
*Oc1c(cc(cc1C)*)C,2.8115
*OC1C(C(C1(C)C)*)(C)C,2.7
*OCOCC1CCC(CC1)C*,2.2836
*OCC(=O)NCCCCCCNC(=O)C*,2.766666667
*Oc1ccc(cc1)S(=O)(=O)c1ccc(cc1)*,2.644
*Oc1ccc(cc1)S(=O)(=O)c1ccc(cc1)Oc1ccc(cc1)C(c1ccc(cc1)*)(C)C,3.387605
*OC(=O)c1ccc(cc1)C(c1ccc(cc1)C(=O)OCC*)(CC)C,3.2
*Oc1ccc(cc1)C(c1ccc(cc1)OCC(C*)O)(C)C,3.4
*C1OCOC(C1)C*,3.1
*C1OC(OC(C1)C*)CCC,3.626
*Oc1ccc(cc1)Oc1ccc(cc1)C(=O)c1ccc(cc1)*,3.39
*Oc1ccc(cc1)S(=O)(=O)c1ccc(cc1)c1ccc(cc1)S(=O)(=O)c1ccc(cc1)Oc1ccc(cc1)C(c1ccc(cc1)*)(C)C,3.15
*OS(=O)(=O)c1ccc(cc1)Oc1ccc(cc1)S(=O)(=O)Oc1c(cc(cc1Br)C1(CCCCC1)c1cc(c(c(c1)Br)*)Br)Br,2.4
*OC(=O)c1ccc(cc1)C(=O)OCCOCC*,5.2
*c1nc2c(c(c1)c1ccccc1)cc(cc2)Oc1cc2c(nc(cc2c2ccccc2)c2ccc(cc2)Oc2ccc(cc2)*)cc1,2.55
*ON(C(C(*)(F)F)(F)F)C(F)(F)F,2.41
*OC(=O)CCC(=O)OCCCC*,5.306666667
*OC(=O)c1ccc(cc1)C(=O)OCC*,3.849814815
*OC(=O)c1ccc(cc1)C(=O)OCCCC*,3.23125
*OC(=O)c1cc2c(cc1)cc(cc2)C(=O)OCC*,3.76875
*OC(=O)CCCCC*,4.029285714
*c1ccc2n(c3c(c2c1)cc(cc3)C(=O)Oc1ccc(cc1)C(c1ccc(cc1)OC(=O)*)(C)C)C,3.2
*c1ccc2n(c3c(c2c1)cc(cc3)C(=O)Oc1ccc(cc1)C1(c2c(C(=O)O1)cccc2)c1ccc(cc1)OC(=O)*)C,4.41
*Oc1ccc(cc1)C(=O)*,3.41
*OC(CC(=O)*)C,2.9
*OC(=O)C(C*)(C)C,2.17
*Sc1ccc(cc1)c1ccc(cc1)SC(=O)c1cc(ccc1)C(=O)*,2.44
*Oc1ccc(cc1)C(c1ccc(cc1)OC(=O)c1ccc(cc1)C(c1ccc(cc1)C(=O)*)(CC)C)(C)C,3
*NC(=O)CCCCC*,3.84
*NC(=O)CCCCC(=O)NCCCCCC*,2.17
*NC(=O)CCCCCCCCCC*,5.935277778
*N1CCN(CC1)C(=O)CCCCCCCCC(=O)*,2.366666667
*NC(=O)CCCCCC(=O)NCCCCC*,5.15
*NC(C(=O)*)CCC(=O)OCc1ccccc1,3.6375
*NC(C(=O)*)CCSC,5.4
*Oc1ccc(cc1)NC(=O)c1c(cc(c(c1)C(=O)O)C(=O)Nc1ccc(cc1)*)C(=O)O,2.2
*NC(C(=O)*)CCC(=O)OCc1ccc(cc1)Cl,4.5
*NC(C(=O)*)CCC(=O)OCCC,4.71
*NC(C(=O)*)CCCCNC(=O)OCc1ccccc1,3.5
*Nc1cc(ccc1)C=CC(=O)C=Cc1cc(ccc1)NC(=O)CCCCC(=O)*,5.25
*NC(=O)NCCCCCCCCC*,3.09
*Nc1ccc(cc1)Cc1ccc(cc1)NC(=O)*,4.1
*n1c(=O)c2cc3c(cc2c1=O)c(=O)n(c3=O)c1ccc(cc1)Oc1ccc(cc1)*,3.328454762
*c1cc2c(C(=O)N(C2=O)c2ccc(cc2)Oc2ccc(cc2)N2C(=O)c3c(C2=O)cc(cc3)C(=O)Oc2ccc(cc2)OC(=O)*)cc1,3.16
*n1c(=O)c2cc3c(cc2c1=O)c(=O)n(c3=O)c1ccc(cc1)Sc1ccc(cc1)*,2.933333333
*N1C(=O)c2c(C1=O)cc(cc2)Oc1cc2c(C(=O)N(C2=O)c2ccc(cc2)Oc2ccc(cc2)*)cc1,3.595
*c1cc2c(C(=O)N(C2=O)c2ccc(cc2)Cc2ccc(cc2)N2C(=O)c3c(C2=O)cc(cc3)C(C(C(*)(F)F)(F)F)(F)F)cc1,2.99
*c1cc2c(C(=O)N(C2=O)c2ccc(cc2)Oc2ccc(cc2)N2C(=O)c3c(C2=O)cc(cc3)C(C(C(*)(F)F)(F)F)(F)F)cc1,3.35
*n1c(=O)c2cc3c(cc2c1=O)c(=O)n(c3=O)c1ccc(cc1)Cc1ccc(cc1)*,3.066666667
*n1c(=O)c2cc3c(cc2c1=O)c(=O)n(c3=O)c1ccc(cc1)C(c1ccc(cc1)*)C,2.87
*n1c(=O)c2cc3c(cc2c1=O)c(=O)n(c3=O)c1ccc(cc1)C(c1ccc(cc1)*)CCCCC,3
*n1c(=O)c2cc3c(cc2c1=O)c(=O)n(c3=O)c1ccc(cc1)C(c1ccc(cc1)*)CCCCCC,2.92
*n1c(=O)c2cc3c(cc2c1=O)c(=O)n(c3=O)c1ccc(cc1)C(c1ccc(cc1)*)CCCCCCCC,3.01
*n1c(=O)c2cc3c(cc2c1=O)c(=O)n(c3=O)c1ccc(cc1)C(c1ccc(cc1)*)CCC,2.91
*n1c(=O)c2cc3c(cc2c1=O)c(=O)n(c3=O)c1ccc(cc1)C(c1ccc(cc1)*)C(C)C,2.78
*n1c(=O)c2cc3c(cc2c1=O)c(=O)n(c3=O)c1ccc(cc1)*,3.058666667
*n1c(=O)c2cc3c(cc2c1=O)c(=O)n(c3=O)c1ccc(cc1)c1ccc(cc1)*,2.933333333
*n1c(=O)c2cc3c(cc2c1=O)c(=O)n(c3=O)c1cc(ccc1)*,2.933333333
*n1c(=O)c2cc3c(cc2c1=O)c(=O)n(c3=O)c1ccc(cc1)Oc1ccc(cc1)C(c1ccc(cc1)Oc1ccc(cc1)*)(C(F)(F)F)C(F)(F)F,2.93
*N1C(=O)c2c(C1=O)cc(cc2)c1cc2c(C(=O)N(C2=O)c2ccc(cc2)Oc2ccc(cc2)*)cc1,3.56
*N1C(=O)c2c(C1=O)cc(cc2)c1cc2c(C(=O)N(C2=O)c2ccc(cc2)*)cc1,3.1975
*N1C(=O)c2c(C1=O)cc(cc2)Oc1cc2c(C(=O)N(C2=O)c2ccc(cc2)*)cc1,3.445
*N1C(=O)c2c(C1=O)cc(cc2)Oc1cc2c(C(=O)N(C2=O)c2cc(ccc2)Oc2ccc(cc2)*)cc1,3.475
*N1C(=O)c2c(C1=O)cc(cc2)Oc1cc2c(C(=O)N(C2=O)c2cc(ccc2)Oc2cc(ccc2)Oc2cc(ccc2)*)cc1,4.7
*c1cc2c(C(=O)N(C2=O)c2cc(ccc2)Oc2ccc(cc2)N2C(=O)c3c(C2=O)cc(cc3)C(*)(C(F)(F)F)C(F)(F)F)cc1,2.98
*c1cc2c(C(=O)N(C2=O)c2ccc(cc2)Oc2ccc(cc2)N2C(=O)c3c(C2=O)cc(cc3)C(*)(C(F)(F)F)C(F)(F)F)cc1,2.422777778
*c1cc2c(C(=O)N(C2=O)c2ccc(cc2)Oc2ccc(cc2)Oc2ccc(cc2)N2C(=O)c3c(C2=O)cc(cc3)C(*)(C(F)(F)F)C(F)(F)F)cc1,2.87
*c1cc2c(C(=O)N(C2=O)c2ccc(cc2)Oc2cc(ccc2)Oc2ccc(cc2)N2C(=O)c3c(C2=O)cc(cc3)C(*)(C(F)(F)F)C(F)(F)F)cc1,2.96
*c1cc2c(C(=O)N(C2=O)c2cc(ccc2)C(=O)c2cc(ccc2)N2C(=O)c3c(C2=O)cc(cc3)C(=O)*)cc1,3.4
*c1cc2c(C(=O)N(C2=O)c2ccc(cc2)Oc2ccc(cc2)C(=O)c2cc(ccc2)C(=O)c2ccc(cc2)Oc2ccc(cc2)N2C(=O)c3c(C2=O)cc(cc3)C(=O)*)cc1,3.175
*c1cc2c(C(=O)N(C2=O)c2ccc(cc2)C(c2ccc(cc2)N2C(=O)c3c(C2=O)cc(cc3)C(=O)*)C)cc1,2.86
*c1cc2c(C(=O)N(C2=O)c2ccc(cc2)C(c2ccc(cc2)N2C(=O)c3c(C2=O)cc(cc3)C(=O)*)C(C)C)cc1,3.26
*c1cc2c(C(=O)N(C2=O)c2ccc(cc2)C(c2ccc(cc2)N2C(=O)c3c(C2=O)cc(cc3)C(=O)*)CCC)cc1,3.03
*c1cc2c(C(=O)N(C2=O)c2ccc(cc2)C(c2ccc(cc2)N2C(=O)c3c(C2=O)cc(cc3)C(=O)*)CCCCC)cc1,2.85
*c1cc2c(C(=O)N(C2=O)c2ccc(cc2)C(c2ccc(cc2)N2C(=O)c3c(C2=O)cc(cc3)C(=O)*)CCCCCC)cc1,3.01
*c1cc2c(C(=O)N(C2=O)c2ccc(cc2)C(c2ccc(cc2)N2C(=O)c3c(C2=O)cc(cc3)C(=O)*)CCCCCCCC)cc1,2.94
*c1cc2c(C(=O)N(C2=O)c2cc(ccc2)Cc2cc(ccc2)N2C(=O)c3c(C2=O)cc(cc3)C(=O)*)cc1,3.55
*c1cc2c(C(=O)N(C2=O)c2cc(ccc2)N2C(=O)c3c(C2=O)cc(cc3)C(=O)*)cc1,3.69
*c1cc2c(C(=O)N(C2=O)c2ccc(cc2)Oc2ccc(cc2)N2C(=O)c3c(C2=O)cc(cc3)C(=O)*)cc1,3.571666667
*c1cc2c(C(=O)N(C2=O)c2ccc(cc2)Cc2ccc(cc2)N2C(=O)c3c(C2=O)cc(cc3)C(=O)*)cc1,3.1725
*c1cc2c(C(=O)N(C2=O)c2ccc(cc2)N2C(=O)c3c(C2=O)cc(cc3)C(=O)*)cc1,3.436078431
*c1cc2c(C(=O)N(C2=O)c2ccc(cc2)Oc2ccc(cc2)C(c2ccc(cc2)Oc2ccc(cc2)N2C(=O)c3c(C2=O)cc(cc3)C(=O)*)(C(F)(F)F)C(F)(F)F)cc1,3.03
*N1C(=O)c2c(C1=O)cc(cc2)Oc1ccc(cc1)C(c1ccc(cc1)Oc1cc2c(C(=O)N(C2=O)c2cc(ccc2)*)cc1)(C)C,2.963333333
*n1c(=O)c2cc3c(cc2c1=O)c(=O)n(c3=O)c1ccc(cc1)C(c1ccc(cc1)*)(C)C,2.933333333
*c1cc2c(C(=O)N(C2=O)c2ccc(cc2)Cc2ccc(cc2)N2C(=O)c3c(C2=O)cc(cc3)C(*)(C(F)(F)F)C(F)(F)F)cc1,3.09
*c1cc2c(C(=O)N(C2=O)c2ccc(cc2)C(c2ccc(cc2)N2C(=O)c3c(C2=O)cc(cc3)C(*)(C(F)(F)F)C(F)(F)F)(C)C)cc1,2.83
*c1cc2c(C(=O)N(C2=O)c2ccc(cc2)C(=O)NCCNC(=O)*)cc1,4.5
*c1cc2c(C(=O)N(C2=O)c2ccc(cc2)C(=O)NCCCCCCNC(=O)*)cc1,4.2
*c1cc2c(C(=O)N(C2=O)c2ccc(cc2)C(=O)Nc2ccc(cc2)Cc2ccc(cc2)NC(=O)*)cc1,3.85
*c1cc2c(C(=O)N(C2=O)c2ccc(cc2)C(=O)NC2CCC(CC2)CC2CCC(CC2)NC(=O)*)cc1,4.05
*c1cc2c(C(=O)N(C2=O)c2ccc(cc2)C(=O)Nc2c(cccc2)NC(=O)*)cc1,4.55
*c1cc2c(C(=O)N(C2=O)c2ccc(cc2)C(=O)Nc2ccc(cc2)S(=O)(=O)c2ccc(cc2)NC(=O)*)cc1,3.7
*c1cc2c(C(=O)N(C2=O)c2cc(ccc2)C=CC(=O)Nc2cc(ccc2)NC(=O)*)cc1,3.76
*c1cc2c(C(=O)N(C2=O)c2ccc(cc2)C(=O)Nc2cc(ccc2)C=CC(=O)C=Cc2cc(ccc2)NC(=O)*)cc1,2.68
*c1cc2c(C(=O)N(C2=O)c2cc(ccc2)C=CC(=O)OCCOC(=O)*)cc1,4.5
*c1cc2c(C(=O)N(C2=O)c2ccc(cc2)Oc2ccc(cc2)C(c2ccc(cc2)Oc2ccc(cc2)N2C(=O)c3c(C2=O)cc(cc3)C(*)(C(F)(F)F)C(F)(F)F)(C(F)(F)F)C(F)(F)F)cc1,2.624
*c1cc2c(C(=O)N(C2=O)c2ccc(cc2)C(c2ccc(cc2)N2C(=O)c3c(C2=O)cc(cc3)C(=O)*)(C(F)(F)F)C(F)(F)F)cc1,3.26
*c1cc2c(C(=O)N(C2=O)c2ccc(cc2)N2C(=O)c3c(C2=O)cc(cc3)C(*)(C(F)(F)F)C(F)(F)F)cc1,2.855
*c1cc2c(C(=O)N(C2=O)c2ccc(cc2)C(c2ccc(cc2)N2C(=O)c3c(C2=O)cc(cc3)C(*)(C(F)(F)F)C(F)(F)F)(C(F)(F)F)C(F)(F)F)cc1,2.883333333
*c1cc2c(C(=O)N(C2=O)c2c(cc(c(c2)C)N2C(=O)c3c(C2=O)cc(cc3)C(*)(C(F)(F)F)C(F)(F)F)C)cc1,2.74
*c1cc2c(C(=O)N(C2=O)c2c(cc(c(c2C)N2C(=O)c3c(C2=O)cc(cc3)C(*)(C(F)(F)F)C(F)(F)F)C)C)cc1,2.59
*c1cc2c(C(=O)N(C2=O)c2c(c(c(c(c2C)C)N2C(=O)c3c(C2=O)cc(cc3)C(*)(C(F)(F)F)C(F)(F)F)C)C)cc1,2.245
*c1cc2c(C(=O)N(C2=O)c2cc3c(C(CC3(c3ccc(cc3)N3C(=O)c4c(C3=O)cc(cc4)C(=O)*)C)(C)C)cc2)cc1,3.196666667
*Oc1ccc(cc1)C(c1ccc(cc1)OC(=O)*)C,2.9
*Oc1ccc(cc1)C(c1ccc(cc1)OC(=O)*)CCC,3.3
*Oc1ccc(cc1)C(c1ccc(cc1)OC(=O)*)C(C)C,2.366666667
*Oc1ccc(cc1)C(c1ccc(cc1)OC(=O)*)(C)C,2.926501832
*Oc1ccc(cc1)C(c1ccc(cc1)OC(=O)*)(CC)C,3.1
*Oc1ccc(cc1)C(c1ccc(cc1)OC(=O)*)(CCC)C,2.3
*Oc1c(cc(cc1)C(c1cc(c(cc1)OC(=O)*)C)(C)C)C,2.14
*Oc1ccc(cc1)C(c1ccc(cc1)OC(=O)*)(c1ccccc1)C,3.3
*Oc1ccc(cc1)C1(CCCC1)c1ccc(cc1)OC(=O)*,2.9
*Oc1ccc(cc1)C1(CCCCC1)c1ccc(cc1)OC(=O)*,2.866666667
*Oc1ccc(cc1)C1(C2CCC(C1)C2)c1ccc(cc1)OC(=O)*,3.04
*Oc1c(cc(cc1)C(c1cc(c(cc1)OC(=O)*)C)C)C,3.5
*=Nc1c(cc(cc1)c1cc(c(cc1)N=C=*)OC)OC,3.6
*c1c(nc2c(n1)cc(cc2)c1cc2c(nc(c(n2)c2ccc(cc2)*)c2ccccc2)cc1)c1ccccc1,3.7
*O[Si](*)(c1ccccc1)C,3.82
*N=P(*)(Oc1ccc(cc1)c1ccccc1)Oc1ccc(cc1)c1ccccc1,3.52
*N=P(*)(OCC(F)(F)F)OCC(F)(F)F,4.2
*N=P(*)(Oc1ccc(cc1)Cl)Oc1ccc(cc1)Cl,3.55
*c1ccc(cc1)CC*,3.228
*c1c(cc(cc1)CC*)C,2.48
*c1c(cc(cc1)CC*)Cl,3
*c1ccc(cc1)C(C(*)(F)F)(F)F,2.4085
*c1c(cc(cc1Cl)CC*)Cl,2.82
*C(C*)c1ccc(cc1)C=C,2.8
*C(C*)c1ccc(cc1)[N+](=O)[O-],4.97
*C(C*)OCCCCCCCCCCCOc1ccc(cc1)C(=O)Oc1ccc(cc1)C#N,3.92
*C(C*)OCCCCCCCCCCCOc1ccc(cc1)C(=O)Oc1ccc(cc1)OCC,4.775
*C(=C*)CCCOc1ccc(cc1)C1CCC(CC1)CCCCCCCC,2.25
*C(C*)OCCCCCCCOc1ccc(cc1)c1ccc(cc1)C#N,5.15
*C(C*)OC(=O)C=Cc1ccccc1,4.9
*C(=C*)CCCOc1ccc(cc1)OC(=O)c1ccc(cc1)OCCCCCCCC,2.2
*C(C*)c1ccc2n(c3c(c2c1)cccc3)CC,2.5
*C1C(C(C(C1)C=C*)C(=O)OCCCCCCCCCCCOc1ccc(cc1)c1ccc(cc1)C#N)C(=O)OCCCCCCCCCCCOc1ccc(cc1)c1ccc(cc1)C#N,3.3
*C(=C*)C1[NH+](C=CC=C1)CC#C,2.9
*C(=C*)C1[NH+](C=CC=C1)CC1OC1,5.3
*C(=C*)C1[NH+](C=CC=C1)CCCCCC,2.9
*C(C*)(C(=O)OCCO[Si](C)(C)C)C,3.7
*C(C*)(CC(=O)OC1CCCCCCC1)C(=O)OC1CCCCCCC1,2.7
*C(C*)C(=O)OCCCCCCOc1ccc(cc1)C(=O)Oc1ccc(cc1)OC,3.55
*C(C*)(C(=O)OCCCCCCOc1ccc(cc1)C(=O)Oc1ccc(cc1)OCCCC)Cl,3.35
*C(C*)(C(=O)OC1CCC1)C,3.7
*C(C*)(CC(=O)OCC(C)C)C(=O)OCC(C)C,3.5
*C(C*)(C(=O)OCCCCl)C,5.055
*C(C*)(C(=O)OCCCCCCCC)C(=O)O,2.7
*C(C*)(C(=O)OCCCCCCCCCC)C(=O)O,2.9
*C(C*)(C(=O)OCCCCCCCCCCCC)C(=O)O,2.7
*C(C*)(C(=O)OCCCCCCCCCCCCCC)C(=O)O,2.8
*C(C*)C(=O)Oc1ccc(cc1)C(=O)c1ccc(cc1)Cl,4.45
*C(C*)C(=O)OCCCCCCCCCCCOc1ccc(cc1)c1ccc(cc1)OC(=O)c1cc(c(cc1)OC(CCCCCC)C)[N+](=O)[O-],2.2
*C(C*)(C(=O)OCCCCCc1ccc(cc1)N=Nc1ccc(cc1)OC(F)(F)F)C,3.7
*C(C*)(C(=O)OC1C(CCCC1)C(C)(C)C)C,2.2
*C(C*)(C(=O)OCCC1CCCCC1)C,4
*C(C*)(C(=O)OCCCC1CCCCC1)C,3
*C(C*)(C(=O)OCCCCC1CCCCC1)C,3
*C(C*)(C(=O)OCc1cc(c(cc1)Cl)Cl)C,4.61
*C(C*)(CC(=O)OC1CCC1)C(=O)OC1CCC1,2.6
*C(C*)(CC(=O)OC1CCCCCC1)C(=O)OC1CCCCCC1,2.7
*C(C*)(C(=O)OCC1OC(=O)OC1)C,5.5
*C(C*)(C(=O)OCC1CCC1)C,3
*C(C*)(CC(=O)OCCCl)C(=O)OCCCl,2
*C(C*)(CC(=O)OCCCCl)C(=O)OCCCCl,3.2
*C(C*)C(=O)NC(CC)(C)C,5.7
*C(C*)C(=O)NC12CC3CC(CC(C1)C3)C2,5.1
*C1C2C(C(C1)CC*)C1C(CC2C1)(C(=O)OC)C,2.7
*C(C*)(C(=O)OCc1ccc(cc1)Cl)C,4.1
*C(C*)(C(=O)OCc1c(c(ccc1)Cl)Cl)C,3.48
*C(C*)(C(=O)OCc1c(cc(cc1)Cl)Cl)C,4.49
*C(C*)(C(=O)OCc1c(ccc(c1)Cl)Cl)C,3.22
*C(C*)(C(=O)OCc1c(cccc1Cl)Cl)C,3.63
*C(C*)(C(=O)OCc1cc(cc(c1)Cl)Cl)C,2.69
*C(C*)(C(=O)OCCC(C(C(C(C(C(F)(F)F)(F)F)(F)F)(F)F)(F)F)(F)F)C,2.7
*C1(CC(c2c1cc(cc2)*)(C)C)C,2.6
*C1C2C(C=CC2)C(C1)/C=C\*,2.7175
*C1CC2CC(CC(C1)O2)OC(=O)Oc1ccc(cc1)C(c1ccc(cc1)OC(=O)O*)(C)C,3.14
*C1CC2CC(CC(C1)O2)OC(=O)Oc1ccc(cc1)S(=O)(=O)c1ccc(cc1)OC(=O)O*,5.32
*Oc1c(cc(cc1Cl)*)Cl,3.321
*Oc1cc(c(cc1)C=NN=Cc1c(cc(cc1)OCCCCCCCCCCCC*)O)O,3.8
*Oc1ccc(cc1)C(c1ccc(cc1)Oc1c(c(c(c(c1F)F)C(=O)c1c(c(c(c(c1F)F)*)F)F)F)F)(C(F)(F)F)C(F)(F)F,2.735
*Oc1ccc(cc1)C1(c2ccccc2-c2ccccc12)c1ccc(cc1)Oc1c(c(c(c(c1F)F)C(=O)c1c(c(c(c(c1F)F)*)F)F)F)F,2.9
*C1(c2c(C(=O)O1)cccc2)c1ccc(cc1)Oc1c(c(c(c(c1F)F)C(=O)c1c(c(c(c(c1F)F)Oc1ccc(cc1)*)F)F)F)F,2.85
*Oc1ccc(cc1)C(c1ccc(cc1)Oc1c(c(c(c(c1F)F)C(=O)c1c(c(c(c(c1F)F)*)F)F)F)F)(c1ccccc1)C,3.085
*Oc1c(c(c(c(c1F)F)c1c(c(c(c(c1F)F)Oc1ccc(cc1)C(c1ccc(cc1)*)(C(F)(F)F)C(F)(F)F)F)F)F)F,2.6
*c1oc(nn1)c1ccc(cc1)Oc1ccc(cc1)NC(=O)c1cc(cc(c1)N1C(=O)c2c(C1=O)c(c(c(c2Cl)Cl)Cl)Cl)C(=O)Nc1ccc(cc1)Oc1ccc(cc1)*,3.87
*c1oc(nn1)c1ccc(cc1)Oc1cc(ccc1)NC(=O)c1cc(cc(c1)N1C(=O)c2c(C1=O)c(c(c(c2Cl)Cl)Cl)Cl)C(=O)Nc1cc(ccc1)Oc1ccc(cc1)*,3.94
*Oc1ccc(cc1)C1(c2ccccc2-c2ccccc12)c1ccc(cc1)Oc1ccc(cc1)C(=O)c1ccc(cc1)*,3.095
*Oc1ccc(cc1)NC(=O)c1ccc(cc1)OC(=O)c1ccc(cc1)C(=O)Oc1ccc(cc1)C(=O)Nc1ccc(cc1)*,4.476666667
*Oc1ccc(cc1)NC(=O)c1ccc(cc1)OC(=O)c1cc(ccc1)C(=O)Oc1ccc(cc1)C(=O)Nc1ccc(cc1)*,4.57
*Oc1ccc(cc1)NC(=C(C#N)C#N)c1ccc(cc1)c1ccc(cc1)C(=C(C#N)C#N)Nc1ccc(cc1)*,5.133333334
*Oc1ccc(cc1)Oc1ccc(cc1)NC(=C(C#N)C#N)c1ccc(cc1)c1ccc(cc1)C(=C(C#N)C#N)Nc1ccc(cc1)*,4.06
*Oc1ccc(cc1)NC(=C(C#N)C#N)c1ccc(cc1)c1ccc(cc1)c1ccc(cc1)C(=C(C#N)C#N)Nc1ccc(cc1)*,4.3
*Oc1ccc(cc1)C(=O)OCCOCCOC(=O)c1ccc(cc1)OC(=O)c1ccc(cc1)C(=O)*,5.8
*C1OC(C(C(C1OC(=O)C)OC(=O)C)O*)COC(=O)C,2.82
*Oc1cc(c(cc1)C=Nc1c(cc(cc1)c1cc(c(cc1)N=Cc1c(cc(cc1)OCCCCCCCCCC*)O)OC)OC)O,5.3
*c1nc2c(c(c1)c1ccccc1)cc(cc2)Oc1cc2c(nc(cc2c2ccccc2)c2ccc(cc2)C(c2ccc(cc2)*)(C(F)(F)F)C(F)(F)F)cc1,2.5
*OC(OC(C(*)(F)F)(F)F)(F)F,2.95
*Oc1ccc(cc1)Oc1ccc(cc1)NC(=O)c1cc(cc(c1)NC(=O)c1ccc(cc1)OC(=O)C)C(=O)Nc1ccc(cc1)*,4.27
*Oc1cc(ccc1)Oc1ccc(cc1)NC(=O)c1cc(cc(c1)NC(=O)c1ccc(cc1)OC(=O)C)C(=O)Nc1ccc(cc1)*,4.36
*Oc1ccc(cc1)S(=O)(=O)c1ccc(cc1)Oc1ccc(cc1)NC(=O)c1cc(cc(c1)NC(=O)c1ccc(cc1)OC(=O)C)C(=O)Nc1ccc(cc1)*,3.42
*Oc1ccc(cc1)NC(=O)c1cc(cc(c1)NC(=O)c1ccc(cc1)OC(=O)C)C(=O)Nc1ccc(cc1)Oc1ccc(cc1)C(c1ccc(cc1)*)(C)C,3.53
*Oc1ccc(cc1)NC(=O)c1cc(cc(c1)NC(=O)c1ccc(cc1)OC(=O)C)C(=O)Nc1ccc(cc1)Oc1ccc(cc1)c1ccc(cc1)*,4.13
*Oc1ccc(cc1)NC(=O)c1c(ccc(c1)C(c1cc(c(cc1)C(=O)O)C(=O)Nc1ccc(cc1)Oc1ccc(cc1)C(c1ccc(cc1)*)(C(F)(F)F)C(F)(F)F)(C(F)(F)F)C(F)(F)F)C(=O)O,2.595
*Oc1ccc(cc1)c1ccc(cc1)OC1(C(C(C1(F)F)(F)F)(*)F)F,2.4
*c1oc2cc3c(cc2n1)nc(o3)c1c(cc(cc1)*)O,2.73
*Oc1ccc(cc1)NC(=C(C#N)C#N)c1ccc(cc1)C(=C(C#N)C#N)Nc1ccc(cc1)*,6
*Oc1ccc(cc1)NC(=C(C#N)C#N)c1cc2c(cc1)cc(cc2)C(=C(C#N)C#N)Nc1ccc(cc1)*,4.69
*Oc1ccc(cc1)Oc1ccc(cc1)NC(=C(C#N)C#N)c1ccc(cc1)C(=C(C#N)C#N)Nc1ccc(cc1)*,4.21
*Oc1ccc(cc1)Oc1ccc(cc1)NC(=C(C#N)C#N)c1cc(ccc1)C(=C(C#N)C#N)Nc1ccc(cc1)*,4.08
*Oc1c2c(c(cc1)c1c3c(c(cc1)Oc1c(c4c(cc1)cccc4)c1c4c(ccc1*)cccc4)cccc3)cccc2,2.5
*c1oc(nn1)c1ccc(cc1)NC(=O)c1cc(cc(c1)NC(=O)c1ccc(cc1)OC(=O)C)C(=O)Nc1ccc(cc1)*,4.9
*c1oc(nn1)c1ccc(cc1)Oc1ccc(cc1)NC(=O)c1cc(cc(c1)NC(=O)c1ccc(cc1)OC(=O)C)C(=O)Nc1ccc(cc1)Oc1ccc(cc1)*,3.93
*c1oc(nn1)c1ccc(cc1)Oc1cc(ccc1)NC(=O)c1cc(cc(c1)NC(=O)c1ccc(cc1)OC(=O)C)C(=O)Nc1cc(ccc1)Oc1ccc(cc1)*,4.65
*OC(C*)COC(C)C,5.08
*OC(C*)COC(C)(C)C,4.38
*Oc1ccc(cc1)CCc1ccc(cc1)OCCCCCCOC(=O)NC1CCC(CC1)CC1CCC(CC1)NC(=O)OCCCCCC*,5.8
*c1oc(nn1)c1ccc(cc1)Oc1c2c(ccc1)c(ccc2)NC(=O)c1ccc(cc1)C(c1ccc(cc1)C(=O)Nc1c2c(ccc1)c(ccc2)Oc1ccc(cc1)*)(C(F)(F)F)C(F)(F)F,3.923333333
*Oc1ccc(cc1)C(c1ccc(cc1)Oc1nc(ncn1)*)(C)C,4.044444444
*SCC(=O)NCCCCCCNC(=O)C*,2.7
*c1sc(cc1CCCCCCCCCCCC)*,3.98
*c1sc(cc1CCCCCCCC)*,3.485
*c1sc(cc1CCCC)*,3.16
*c1sc(cc1c1ccc(cc1)OCCCCCCCC)*,3.7
*SC(=O)c1c(cccc1)C(=O)SCc1ccc(cc1)Cc1ccc(cc1)C*,2
*SC(=O)c1ccc(cc1)C(=O)SCc1ccc(cc1)Cc1ccc(cc1)C*,2
*SC(=O)CCC(=O)SCc1c(c(c(c(c1C)C)C*)C)C,4.8
*SC(=O)c1cc(ccc1)C(=O)SCc1c(c(c(c(c1C)C)C*)C)C,2.4
*Oc1ccc(cc1)C(=O)Nc1ccc(cc1)C(c1ccc(cc1)NC(=O)c1ccc(cc1)OC(=O)c1ccc(cc1)C(=O)*)(C(F)(F)F)C(F)(F)F,3.966666667
*Oc1ccc(cc1)C(=O)Nc1ccc(cc1)C(c1ccc(cc1)NC(=O)c1ccc(cc1)OC(=O)c1cc(ccc1)C(=O)*)(C(F)(F)F)C(F)(F)F,4.783333333
*Oc1ccc(cc1)C(=O)Nc1c(ccc(c1)C(c1cc(c(cc1)C)NC(=O)c1ccc(cc1)OC(=O)c1ccc(cc1)C(=O)*)(C(F)(F)F)C(F)(F)F)C,4.003333333
*Oc1ccc(cc1)C(=O)Nc1c(ccc(c1)C(c1cc(c(cc1)C)NC(=O)c1ccc(cc1)OC(=O)c1cc(ccc1)C(=O)*)(C(F)(F)F)C(F)(F)F)C,4.28
*Sc1ccc(cc1)c1ccc(cc1)SC(=O)CCCCCCCCC(=O)*,2.08
*Oc1ccc(cc1)OC(=O)c1c(cc(c(c1)OCCCCCCOCCCCC)C(=O)*)OCCCCCCOCCCCC,3.46
*OC(=O)C(C(=O)OCCC[Sn](CCC*)(C)C)CCCCCCOc1ccc(cc1)N=Nc1ccc(cc1)[N+](=O)[O-],4.55875
*OC(=O)C(C(=O)OCCC[Sn](CCC*)(C)C)CCCCCCCCOc1ccc(cc1)c1ccc(cc1)OCc1ccc(cc1)C#N,4.33
*N1C(CN(C(C1)C)C(=O)CCCCCCCCC(=O)*)C,2.2
*N1CC(CCCC1)NC(=O)CCCCCCCCC(=O)*,2.2
*NC(C(=O)*)CCC(=O)OCc1ccc(cc1)[N+](=O)[O-],4.45
*NC(C(=O)*)CCC(=O)OCc1ccc(cc1)C,2.2
*N1C(CN(C(C1)C)C(=O)C1C(CCCC1)C(=O)*)C,2.1765
*c1cc2n3C(=O)c4cc5-c6n(C(=O)c5cc4-c3nc2cc1)c1ccc(cc1n6)*,4.05
*c1cc2-c3n(c4ccc(cc4n3)c3cc4n5c(-c6ccc(cc6C5=O)C(=O)*)nc4cc3)C(=O)c2cc1,3.2
*Nc1cc(ccc1)NC(=O)Cc1c(cc(c(c1)C)CC(=O)*)C,2.35
*Nc1ccc(cc1)c1ccc(cc1)NC(=O)Cc1c(cc(c(c1)C)CC(=O)*)C,3.27
*Nc1ccc(cc1)NC(=O)Cc1c(cc(c(c1)CC(=O)*)C)C,3.04
*Nc1cc(ccc1)NC(=O)Cc1c(cc(c(c1)CC(=O)*)C)C,3.13
*Nc1ccc(cc1)c1ccc(cc1)NC(=O)Cc1c(cc(c(c1)CC(=O)*)C)C,3.04
*NC(C(=O)*)CCC(=O)OCc1ccc(cc1)F,3.4
*NC(C(=O)*)CCC(=O)OCc1ccc(cc1)C(F)(F)F,4.25
*N=Nc1ccc(cc1)C(=O)NCCCCNC(=O)c1ccc(cc1)*,2.7
*N=Nc1ccc(cc1)NC(=O)CCC(=O)Nc1ccc(cc1)*,4.785
*Nc1cc(ccc1)C=CC(=O)C=Cc1cc(ccc1)NC(=O)/C=C/C(=O)*,5.35
*Nc1cc(ccc1)C=CC(=O)C=Cc1cc(ccc1)NC(=O)c1cc(ccc1)C(=O)*,4.8
*Nc1cc(ccc1)C=CC(=O)C=Cc1cc(ccc1)NC(=O)c1ccc(cc1)C(=O)*,4.5
*Nc1ccc(cc1)NC(=O)c1c(cc(c(c1)C(=O)*)C(=O)OCC)C(=O)OCC,3.184
*Nc1cc(ccc1)Cc1cc(ccc1)NC(=O)c1c(cc(cc1)C(=O)c1cc(c(cc1)C(=O)*)C(=O)O)C(=O)O,4.2
*Nc1c(ccc(c1)C(=O)c1ccc(cc1)NC(=O)c1ccc(cc1)C(c1ccc(cc1)C(=O)*)(C(F)(F)F)C(F)(F)F)Oc1ccccc1,4.196666667
*OC(=O)NCCCCCCNC(=O)OCCN(CC*)c1cc(c(cc1)N=Nc1ccc(cc1)[N+](=O)[O-])C,3.6
*OC(=O)Nc1ccc(cc1)Cc1ccc(cc1)NC(=O)OCCN(CC*)c1cc(c(cc1)N=Nc1ccc(cc1)[N+](=O)[O-])C,3.56
*NC(=O)NCCCCCCCNC(=O)NCCCCCCCCC*,2.87
*S(=O)NC(=S)N*,2.1
*n1c(=O)c2cc3c(cc2c1=O)c(=O)n(c3=O)c1cc(ccc1)NC(=O)c1cc(ccc1)C(=O)Nc1cc(ccc1)*,4.78
*n1c(=O)c2cc3c(cc2c1=O)c(=O)n(c3=O)c1ccc(cc1)C(c1ccc(cc1)*)C=CC,3.1
*c1cc2c(C(=O)N(C2=O)c2ccc(cc2)C(c2ccc(cc2)N2C(=O)c3c(C2=O)cc(cc3)C(=O)*)C=CC)cc1,2.99
*c1cc2c(C(=O)N(C2=O)c2cc(ccc2)N2C(=O)c3c(C2=O)cc(cc3)C(*)(C(F)(F)F)C(F)(F)F)cc1,3.08
*n1c(=O)c2cc3c(cc2c1=O)c(=O)n(c3=O)c1ccc(cc1)S(=O)(=O)c1ccc(cc1)*,2.933333333
*n1c(=O)c2cc3c(cc2c1=O)c(=O)n(c3=O)c1cc(ccc1)S(=O)(=O)c1cc(ccc1)*,2.933333333
*c1c(nc2c(n1)cc(cc2)Oc1ccc(cc1)NC(=O)c1cc2c(C(=O)N(C2=O)c2ccc(cc2)C(c2ccc(cc2)N2C(=O)c3c(C2=O)cc(cc3)C(=O)Nc2ccc(cc2)Oc2cc3c(nc(c(n3)c3ccc(cc3)*)c3ccccc3)cc2)(C(F)(F)F)C(F)(F)F)cc1)c1ccccc1,3.52
*c1c(nc2c(n1)cc(cc2)Oc1ccc(cc1)NC(=O)c1cc2c(C(=O)N(C2=O)c2ccc(cc2)C(c2ccc(cc2)N2C(=O)c3c(C2=O)cc(cc3)C(=O)Nc2ccc(cc2)Oc2cc3c(nc(c(n3)c3ccc(cc3)Oc3ccc(cc3)*)c3ccccc3)cc2)(C(F)(F)F)C(F)(F)F)cc1)c1ccccc1,3.58
*c1c(nc2c(n1)cc(cc2)Oc1ccc(cc1)NC(=O)c1cc2c(C(=O)N(C2=O)c2ccc(cc2)C(c2ccc(cc2)N2C(=O)c3c(C2=O)cc(cc3)C(=O)Nc2ccc(cc2)Oc2cc3c(nc(c(n3)c3ccc(cc3)Oc3ccc(cc3)*)c3ccc(cc3)[N+](=O)[O-])cc2)(C(F)(F)F)C(F)(F)F)cc1)c1ccc(cc1)[N+](=O)[O-],3.68
*c1c(nc2c(n1)cc(cc2)Oc1ccc(cc1)NC(=O)c1cc2c(C(=O)N(C2=O)c2ccc(cc2)C(c2ccc(cc2)N2C(=O)c3c(C2=O)cc(cc3)C(=O)Nc2ccc(cc2)Oc2cc3c(nc(c(n3)c3ccc(cc3)c3ccc(cc3)*)c3ccccc3)cc2)(C(F)(F)F)C(F)(F)F)cc1)c1ccccc1,3.6
*N1C(=O)c2ccc3C(=O)N(C(=O)c4ccc(C1=O)c2c34)c1ccc(cc1)c1c(nc2c(n1)cc(cc2)Oc1ccc(cc1)NC(=O)c1cc2c(C(=O)N(C2=O)c2ccc(cc2)C(c2ccc(cc2)N2C(=O)c3c(C2=O)cc(cc3)C(=O)Nc2ccc(cc2)Oc2cc3c(nc(c(n3)c3ccc(cc3)*)c3ccccc3)cc2)(C(F)(F)F)C(F)(F)F)cc1)c1ccccc1,3.72
*N1C(=O)c2c(C1=O)cc(cc2)c1cc2c(C(=O)N(C2=O)c2cc(c(cc2)c2c(cc(cc2)*)C(F)(F)F)C(F)(F)F)cc1,2.633333333
*c1cc2c(C(=O)N(C2=O)c2ccc(cc2)C(=O)Nc2ccc(cc2)NC(=O)*)cc1,4
*N1C(=O)c2c(C1=O)cc(cc2)Oc1cc2c(C(=O)N(C2=O)c2ccc(cc2)Oc2ccc(cc2)C(c2ccc(cc2)Oc2ccc(cc2)*)(C(F)(F)F)C(F)(F)F)cc1,3.02
*N1C(=O)c2c(C1=O)cc(cc2)Oc1ccc(cc1)Sc1ccc(cc1)Oc1cc2c(C(=O)N(C2=O)c2ccc(cc2)Oc2ccc(cc2)C(c2ccc(cc2)Oc2ccc(cc2)*)(C(F)(F)F)C(F)(F)F)cc1,3.08
*c1cc2c(C(=O)N(C2=O)c2cc(c(cc2)c2c(cc(cc2)N2C(=O)c3c(C2=O)cc(cc3)C(*)(C(F)(F)F)C(F)(F)F)C(F)(F)F)C(F)(F)F)cc1,2.715
*n1c(=O)c2c(c3c(c(c2c1=O)C(F)(F)F)c(=O)n(c3=O)c1cc(c(cc1)c1c(cc(cc1)*)C(F)(F)F)C(F)(F)F)C(F)(F)F,2.6
*n1c(=O)c2c(c3c(cc2c1=O)c(=O)n(c3=O)c1cc(c(cc1)c1c(cc(cc1)*)C(F)(F)F)C(F)(F)F)C(F)(F)F,2.8
*n1c(=O)c2cc3c(cc2c1=O)c(=O)n(c3=O)c1cc(c(cc1)c1c(cc(cc1)*)C(F)(F)F)C(F)(F)F,2.9
*c1cc2c(C(=O)N(C2=O)c2c(cc(cc2C)Cc2cc(c(c(c2)C)N2C(=O)c3c(C2=O)cc(cc3)C(*)(C(F)(F)F)C(F)(F)F)C)C)cc1,3.07
*c1cc2c(C(=O)N(C2=O)c2c(cc(cc2CC)Cc2cc(c(c(c2)CC)N2C(=O)c3c(C2=O)cc(cc3)C(*)(C(F)(F)F)C(F)(F)F)CC)CC)cc1,3.05
*c1cc2c(C(=O)N(C2=O)c2ccc(cc2)C(c2ccc(cc2)N2C(=O)c3c(C2=O)cc(cc3)C(*)(C(F)(F)F)C(F)(F)F)(c2ccccc2)C(F)(F)F)cc1,2.9
*c1cc2c(C(=O)N(C2=O)c2c(cc(cc2C(C)C)Cc2cc(c(c(c2)C(C)C)N2C(=O)c3c(C2=O)cc(cc3)C(*)(C(F)(F)F)C(F)(F)F)C(C)C)C(C)C)cc1,2.97
*c1cc2c(C(=O)N(C2=O)c2c(ccc(c2)N2C(=O)c3c(C2=O)cc(cc3)C(*)(C(F)(F)F)C(F)(F)F)C)cc1,2.82
*n1c(=O)c2cc3c(cc2c1=O)c(=O)n(c3=O)c1cc(c(cc1)c1c(cc(cc1)*)OC(F)(F)F)OC(F)(F)F,2.6
*c1cc2c(C(=O)N(C2=O)c2c(cc(cc2)N2C(=O)c3c(C2=O)cc(cc3)C(*)(C(F)(F)F)C(F)(F)F)C)cc1,2.75
*c1cc2c(C(=O)N(C2=O)c2c(cc(cc2)N2C(=O)c3c(C2=O)cc(cc3)C(*)(C(F)(F)F)C(F)(F)F)F)cc1,2.85
*c1cc2c(C(=O)N(C2=O)c2c(cc(cc2)N2C(=O)c3c(C2=O)cc(cc3)C(*)(C(F)(F)F)C(F)(F)F)C(F)(F)F)cc1,2.72
*c1cc2c(C(=O)N(C2=O)c2c(c(c(c(c2F)F)N2C(=O)c3c(C2=O)cc(cc3)C(*)(C(F)(F)F)C(F)(F)F)F)F)cc1,2.68
*c1cc2c(C(=O)N(C2=O)c2c(c(c(c(c2F)F)c2c(c(c(c(c2F)F)N2C(=O)c3c(C2=O)cc(cc3)C(*)(C(F)(F)F)C(F)(F)F)F)F)F)F)cc1,2.55
*c1cc2c(C(=O)N(C2=O)c2c(cc(c(c2)C(F)(F)F)N2C(=O)c3c(C2=O)cc(cc3)C(*)(C(F)(F)F)C(F)(F)F)C(F)(F)F)cc1,2.59
*c1cc2c(C(=O)N(C2=O)c2c(cc(cc2)C(c2cc(c(cc2)C)N2C(=O)c3c(C2=O)cc(cc3)C(*)(C(F)(F)F)C(F)(F)F)(C(F)(F)F)C(F)(F)F)C)cc1,2.66
*c1cc2c(C(=O)N(C2=O)c2c(cc(cc2)c2cc(c(cc2)N2C(=O)c3c(C2=O)cc(cc3)C(*)(C(F)(F)F)C(F)(F)F)C(F)(F)F)C(F)(F)F)cc1,2.582
*c1cc2c(C(=O)N(C2=O)c2ccc(cc2)Oc2ccc(cc2)c2ccc(cc2)Oc2ccc(cc2)N2C(=O)c3c(C2=O)cc(cc3)C(*)(C(F)(F)F)C(F)(F)F)cc1,2.88
*c1cc2c(C(=O)N(C2=O)c2ccc(cc2)Oc2ccc(cc2)C(c2ccc(cc2)Oc2ccc(cc2)N2C(=O)c3c(C2=O)cc(cc3)C(*)(C(F)(F)F)C(F)(F)F)(C)C)cc1,2.8
*c1cc2c(C(=O)N(C2=O)c2ccc(cc2)Oc2ccc(cc2)S(=O)(=O)c2ccc(cc2)Oc2ccc(cc2)N2C(=O)c3c(C2=O)cc(cc3)C(*)(C(F)(F)F)C(F)(F)F)cc1,3.1
*N1C(=O)c2c(C1=O)cc(cc2)Oc1cc2c(C(=O)N(C2=O)c2ccc(cc2)C(c2ccc(cc2)*)(C)C)cc1,3.14
*c1cc2c(C(=O)N(C2=O)c2ccc(cc2)C(=O)Nc2cc(ccc2)NC(=O)*)cc1,4.25
*n1c(=O)c2cc3c(cc2c1=O)c(=O)n(c3=O)c1ccc(cc1)Oc1ccc(cc1)C(c1cc(ccc1)C(c1ccc(cc1)Oc1ccc(cc1)*)(C)C)(C)C,3.43
*n1c(=O)c2cc3c(cc2c1=O)c(=O)n(c3=O)c1ccc(cc1)Oc1c(cc(cc1C)Cc1cc(c(c(c1)C)Oc1ccc(cc1)*)C)C,3.04
*N1C(=O)c2c(C1=O)cc(cc2)c1cc2c(C(=O)N(C2=O)c2ccc(cc2)Oc2c(cc(cc2C)Cc2cc(c(c(c2)C)Oc2ccc(cc2)*)C)C)cc1,3.15
*c1cc2c(C(=O)N(C2=O)c2ccc(cc2)Oc2c(cc(cc2C)Cc2cc(c(c(c2)C)Oc2ccc(cc2)N2C(=O)c3c(C2=O)cc(cc3)C(=O)*)C)C)cc1,3.28
*c1cc2c(C(=O)N(C2=O)c2ccc(cc2)Oc2c(cc(cc2C)Cc2cc(c(c(c2)C)Oc2ccc(cc2)N2C(=O)c3c(C2=O)cc(cc3)C(*)(C(F)(F)F)C(F)(F)F)C)C)cc1,2.97
*N1C(=O)c2c(C1=O)cc(cc2)c1cc2c(C(=O)N(C2=O)c2c(cc(cc2C)C(c2cc(c(c(c2)C)*)C)c2c3c(ccc2)cccc3)C)cc1,2.78
*c1cc2c(C(=O)N(C2=O)c2c(cc(cc2C)C(c2cc(c(c(c2)C)N2C(=O)c3c(C2=O)cc(cc3)C(=O)*)C)c2c3c(ccc2)cccc3)C)cc1,2.84
*c1cc2c(C(=O)N(C2=O)c2c(cc(cc2C)C(c2cc(c(c(c2)C)N2C(=O)c3c(C2=O)cc(cc3)C(*)(C(F)(F)F)C(F)(F)F)C)c2c3c(ccc2)cccc3)C)cc1,2.71
*n1c(=O)c2cc3c(cc2c1=O)c(=O)n(c3=O)c1ccc(cc1)Oc1c(cc(cc1C)C(c1cc(c(c(c1)C)Oc1ccc(cc1)*)C)c1c2c(ccc1)cccc2)C,2.86
*N1C(=O)c2c(C1=O)cc(cc2)c1cc2c(C(=O)N(C2=O)c2ccc(cc2)Oc2c(cc(cc2C)C(c2cc(c(c(c2)C)Oc2ccc(cc2)*)C)c2c3c(ccc2)cccc3)C)cc1,2.9
*c1cc2c(C(=O)N(C2=O)c2ccc(cc2)Oc2c(cc(cc2C)C(c2cc(c(c(c2)C)Oc2ccc(cc2)N2C(=O)c3c(C2=O)cc(cc3)C(*)(C(F)(F)F)C(F)(F)F)C)c2c3c(ccc2)cccc3)C)cc1,2.82
*N1C(=O)N(C(=O)C1(C)C)c1ccc(cc1)Cc1ccc(cc1)N1C(=O)N(C(C1=O)(C)C)c1ccc(cc1)Cc1ccc(cc1)*,3.3
*N1C(=O)c2c(C1=O)cc(cc2)Oc1cc2c(C(=O)N(C2=O)c2cc(ccc2)P(=O)(c2cc(ccc2)*)c2cc(cc(c2)C(F)(F)F)C(F)(F)F)cc1,3
*c1cc2c(C(=O)N(C2=O)c2cc(ccc2)P(=O)(c2cc(ccc2)N2C(=O)c3c(C2=O)cc(cc3)C(=O)*)c2cc(cc(c2)C(F)(F)F)C(F)(F)F)cc1,3
*c1cc2c(C(=O)N(C2=O)c2cc(ccc2)P(=O)(c2cc(ccc2)N2C(=O)c3c(C2=O)cc(cc3)C(*)(C(F)(F)F)C(F)(F)F)c2cc(cc(c2)C(F)(F)F)C(F)(F)F)cc1,2.8
*N1C(=O)c2c(C1=O)cc(cc2)Oc1cc2c(C(=O)N(C2=O)c2cc(ccc2)P(=O)(c2cc(ccc2)*)c2ccc(cc2)C(F)(F)F)cc1,3.1
*c1cc2c(C(=O)N(C2=O)c2cc(ccc2)P(=O)(c2cc(ccc2)N2C(=O)c3c(C2=O)cc(cc3)C(=O)*)c2ccc(cc2)C(F)(F)F)cc1,3.1
*c1cc2c(C(=O)N(C2=O)c2cc(ccc2)P(=O)(c2cc(ccc2)N2C(=O)c3c(C2=O)cc(cc3)C(*)(C(F)(F)F)C(F)(F)F)c2ccc(cc2)C(F)(F)F)cc1,2.9
*N1C(=O)c2c(C1=O)cc(cc2)Oc1cc2c(C(=O)N(C2=O)c2cc(ccc2)P(=O)(c2cc(ccc2)*)c2ccccc2)cc1,3.2
*N1C(=O)c2c(C1=O)cc(cc2)C(c1cc2c(C(=O)N(C2=O)CC(=O)Nc2ccc(cc2)Oc2ccc(cc2)Oc2ccc(cc2)NC(=O)C*)cc1)(C(F)(F)F)C(F)(F)F,3.52
*N1C(=O)c2c(C1=O)cc(cc2)C(c1cc2c(C(=O)N(C2=O)CC(=O)Nc2ccc(cc2)Oc2cc(ccc2)Oc2ccc(cc2)NC(=O)C*)cc1)(C(F)(F)F)C(F)(F)F,3.64
*N1C(=O)c2c(C1=O)cc(cc2)C(c1cc2c(C(=O)N(C2=O)CC(=O)Nc2ccc(cc2)Oc2ccc(cc2)c2ccc(cc2)Oc2ccc(cc2)NC(=O)C*)cc1)(C(F)(F)F)C(F)(F)F,3.61
*N1C(=O)c2c(C1=O)cc(cc2)C(c1cc2c(C(=O)N(C2=O)CC(=O)Nc2ccc(cc2)Oc2ccc(cc2)S(=O)(=O)c2ccc(cc2)Oc2ccc(cc2)NC(=O)C*)cc1)(C(F)(F)F)C(F)(F)F,3.74
*N1C(=O)c2c(C1=O)cc(cc2)C(c1cc2c(C(=O)N(C2=O)CC(=O)Nc2ccc(cc2)Oc2ccc(cc2)C(c2ccc(cc2)Oc2ccc(cc2)NC(=O)C*)(C)C)cc1)(C(F)(F)F)C(F)(F)F,3.54
*c1c(nc2c(n1)cc(cc2)Oc1ccc(cc1)NC(=O)CN1C(=O)c2c(C1=O)cc(cc2)C(c1cc2c(C(=O)N(C2=O)CC(=O)Nc2ccc(cc2)Oc2cc3c(nc(c(n3)c3ccc(cc3)*)c3ccccc3)cc2)cc1)(C(F)(F)F)C(F)(F)F)c1ccccc1,3.3
*c1c(nc2c(n1)cc(cc2)Oc1ccc(cc1)NC(=O)CN1C(=O)c2c(C1=O)cc(cc2)C(c1cc2c(C(=O)N(C2=O)CC(=O)Nc2ccc(cc2)Oc2cc3c(nc(c(n3)c3ccc(cc3)Oc3ccc(cc3)*)c3ccccc3)cc2)cc1)(C(F)(F)F)C(F)(F)F)c1ccccc1,3.52
*c1oc(nn1)c1ccc(cc1)Oc1ccc(cc1)NC(=O)CN1C(=O)c2c(C1=O)cc(cc2)C(c1cc2c(C(=O)N(C2=O)CC(=O)Nc2ccc(cc2)Oc2ccc(cc2)*)cc1)(C(F)(F)F)C(F)(F)F,3.62
*n1c(=O)c2sc3c(sc2c1=O)c(=O)n(c3=O)c1ccc(cc1)C(=O)Nc1ccc(cc1)S(=O)(=O)c1ccc(cc1)NC(=O)c1ccc(cc1)*,4.3
*n1c(=O)c2sc3c(sc2c1=O)c(=O)n(c3=O)c1ccc(cc1)C(=O)Nc1ccc(cc1)Oc1ccc(cc1)NC(=O)c1ccc(cc1)*,3.9
*n1c(=O)c2sc3c(sc2c1=O)c(=O)n(c3=O)c1ccc(cc1)C(=O)Nc1ccc(cc1)CCc1ccc(cc1)NC(=O)c1ccc(cc1)*,5.2
*n1c(=O)c2sc3c(sc2c1=O)c(=O)n(c3=O)c1ccc(cc1)C(=O)Nc1ccc(cc1)c1ccc(cc1)NC(=O)c1ccc(cc1)*,5.4
*n1c(=O)c2sc3c(sc2c1=O)c(=O)n(c3=O)c1ccc(cc1)C(=O)Nc1ccc(cc1)NC(=O)c1ccc(cc1)*,5.7
*n1c(=O)c2cc3c(cc2c1=O)c(=O)n(c3=O)c1ccc(cc1)Oc1c(cccc1)Oc1ccc(cc1)*,3.96
*c1cc2c(C(=O)N(C2=O)c2c(c3c(C(CC3)(C)C)c(c2C)N2C(=O)c3c(C2=O)cc(cc3)C(=O)*)C)cc1,4.615
*c1cc2c(C(=O)N(C2=O)c2ccc(cc2)Oc2cc3c(cc2)ccc(c3)Oc2ccc(cc2)N2C(=O)c3c(C2=O)cc(cc3)C(*)(C(F)(F)F)C(F)(F)F)cc1,2.91
*n1c(=O)c2cc3c(cc2c1=O)c(=O)n(c3=O)c1ccc(cc1)Oc1cc2c(cc1)ccc(c2)Oc1ccc(cc1)*,3.16
*c1cc2c(C(=O)N(C2=O)c2c(cc(c(c2C)N2C(=O)c3c(C2=O)cc(cc3)C(=O)Nc2ccc(cc2)NC(=O)*)C)C)cc1,5.04
*c1cc2c(C(=O)N(C2=O)c2c(cc(c(c2C)N2C(=O)c3c(C2=O)cc(cc3)C(=O)Nc2c(cc(c(c2C)NC(=O)*)C)C)C)C)cc1,3.92
*c1cc2c(C(=O)N(C2=O)c2c(cc(c(c2C)N2C(=O)c3c(C2=O)cc(cc3)C(=O)Nc2cc(c(cc2)c2c(cc(cc2)NC(=O)*)C)C)C)C)cc1,3.67
*c1cc2c(C(=O)N(C2=O)c2c(cc(c(c2C)N2C(=O)c3c(C2=O)cc(cc3)C(=O)Nc2cc(c(cc2)c2c(cc(cc2)NC(=O)*)C(F)(F)F)C(F)(F)F)C)C)cc1,4.18
*n1c(=O)c2cc3c(cc2c1=O)c(=O)n(c3=O)c1ccc(cc1)Oc1ccc(cc1)C(=O)c1ccc(cc1)Oc1ccc(cc1)*,3.63
*c1cc2c(C(=O)N(C2=O)c2ccc(cc2)Oc2ccc(cc2)C(=O)c2ccc(cc2)Oc2ccc(cc2)N2C(=O)c3c(C2=O)cc(cc3)C(=O)*)cc1,3.88
*N1C(=O)c2c(C1=O)cc(cc2)c1cc2c(C(=O)N(C2=O)c2ccc(cc2)Oc2ccc(cc2)C(=O)c2ccc(cc2)Oc2ccc(cc2)*)cc1,3.9
*N1C(=O)c2c(C1=O)cc(cc2)Oc1cc2c(C(=O)N(C2=O)c2ccc(cc2)Oc2ccc(cc2)C(=O)c2ccc(cc2)Oc2ccc(cc2)*)cc1,3.76
*N1C(=O)c2c(C1=O)cc(cc2)S(=O)(=O)c1cc2c(C(=O)N(C2=O)c2ccc(cc2)Oc2ccc(cc2)C(=O)c2ccc(cc2)Oc2ccc(cc2)*)cc1,3.94
*c1cc2c(C(=O)N(C2=O)c2ccc(cc2)Oc2ccc(cc2)C(=O)c2ccc(cc2)Oc2ccc(cc2)N2C(=O)c3c(C2=O)cc(cc3)C(*)(C(F)(F)F)C(F)(F)F)cc1,3.53
*n1c(=O)c2cc3c(cc2c1=O)c(=O)n(c3=O)c1cc(c(cc1)Oc1c(cccc1)Oc1c(cc(cc1)*)C(F)(F)F)C(F)(F)F,3.64
*c1cc2c(C(=O)N(C2=O)c2cc(c(cc2)Oc2c(cccc2)Oc2c(cc(cc2)N2C(=O)c3c(C2=O)cc(cc3)C(=O)*)C(F)(F)F)C(F)(F)F)cc1,3.57
*N1C(=O)c2c(C1=O)cc(cc2)c1cc2c(C(=O)N(C2=O)c2cc(c(cc2)Oc2c(cccc2)Oc2c(cc(cc2)*)C(F)(F)F)C(F)(F)F)cc1,3.31
*N1C(=O)c2c(C1=O)cc(cc2)S(=O)(=O)c1cc2c(C(=O)N(C2=O)c2cc(c(cc2)Oc2c(cccc2)Oc2c(cc(cc2)*)C(F)(F)F)C(F)(F)F)cc1,3.53
*N1C(=O)c2c(C1=O)cc(cc2)Oc1cc2c(C(=O)N(C2=O)c2cc(c(cc2)Oc2c(cccc2)Oc2c(cc(cc2)*)C(F)(F)F)C(F)(F)F)cc1,3.02
*c1cc2c(C(=O)N(C2=O)c2cc(c(cc2)Oc2c(cccc2)Oc2c(cc(cc2)N2C(=O)c3c(C2=O)cc(cc3)C(*)(C(F)(F)F)C(F)(F)F)C(F)(F)F)C(F)(F)F)cc1,2.73
*n1c(=O)c2cc3c(cc2c1=O)c(=O)n(c3=O)c1ccc(cc1)C(=O)Nc1ccc(cc1)Oc1ccc(cc1)NC(=O)c1ccc(cc1)*,2.86
*c1cc2c(C(=O)N(C2=O)c2ccc(cc2)C(=O)Nc2ccc(cc2)Oc2ccc(cc2)NC(=O)c2ccc(cc2)NC(=O)Nc2ccc(cc2)Cc2ccc(cc2)NC(=O)Nc2ccc(cc2)C(=O)Nc2ccc(cc2)Oc2ccc(cc2)NC(=O)c2ccc(cc2)N2C(=O)c3c(C2=O)cc(cc3)C(=O)*)cc1,3.17
*c1cc2c(C(=O)N(C2=O)c2c(cc(cc2C)Cc2cc(c(c(c2)C)N2C(=O)c3c(C2=O)cc(cc3)C(=O)*)C)C)cc1,3.35
*c1cc2c(C(=O)N(C2=O)c2c(cc(cc2CC)Cc2cc(c(c(c2)CC)N2C(=O)c3c(C2=O)cc(cc3)C(=O)*)CC)CC)cc1,3.26
*c1cc2c(C(=O)N(C2=O)c2c(cc(cc2C(C)C)Cc2cc(c(c(c2)C(C)C)N2C(=O)c3c(C2=O)cc(cc3)C(=O)*)C(C)C)C(C)C)cc1,3.08
*N1C(=O)c2c(C1=O)cc(cc2)Oc1c(cccc1)Oc1cc2c(C(=O)N(C2=O)c2cc(c(cc2)Oc2ccc(cc2)Oc2c(cc(cc2)*)C(F)(F)F)C(F)(F)F)cc1,3.23
*N1C(=O)c2c(C1=O)cc(cc2)Oc1c(cccc1)Oc1cc2c(C(=O)N(C2=O)c2cc(c(cc2)Oc2c(cccc2)Oc2c(cc(cc2)*)C(F)(F)F)C(F)(F)F)cc1,3.32
*N1C(=O)c2c(C1=O)cc(cc2)Oc1c(cccc1)Oc1cc2c(C(=O)N(C2=O)c2cc(c(cc2)Oc2ccc(cc2)c2ccc(cc2)Oc2c(cc(cc2)*)C(F)(F)F)C(F)(F)F)cc1,3.04
*N1C(=O)c2c(C1=O)cc(cc2)Oc1c(cccc1)Oc1cc2c(C(=O)N(C2=O)c2cc(c(cc2)Oc2c(cc(cc2C)c2cc(c(c(c2)C)Oc2c(cc(cc2)*)C(F)(F)F)C)C)C(F)(F)F)cc1,3.31
*N1C(=O)c2c(C1=O)cc(cc2)Oc1c(cccc1)Oc1cc2c(C(=O)N(C2=O)c2cc(c(cc2)Oc2ccc(cc2)C(c2ccc(cc2)Oc2c(cc(cc2)*)C(F)(F)F)(C)C)C(F)(F)F)cc1,3.26
*N1C(=O)c2c(C1=O)cc(cc2)Oc1c(cccc1)Oc1cc2c(C(=O)N(C2=O)c2cc(c(cc2)Oc2ccc(cc2)C(c2ccc(cc2)Oc2c(cc(cc2)*)C(F)(F)F)(C(F)(F)F)C(F)(F)F)C(F)(F)F)cc1,2.78
*N1C(=O)c2c(C1=O)cc(cc2)Oc1c(cccc1)Oc1cc2c(C(=O)N(C2=O)c2cc(c(cc2)Oc2ccc(cc2)C2(c3ccccc3-c3ccccc23)c2ccc(cc2)Oc2c(cc(cc2)*)C(F)(F)F)C(F)(F)F)cc1,2.95
*c1cc2c(C(=O)N(C2=O)c2cc(ccc2)P(=O)(c2cc(ccc2)N2C(=O)c3c(C2=O)cc(cc3)C(*)(C(F)(F)F)C(F)(F)F)c2ccc(cc2)Oc2ccc(cc2)C23CC4CC(CC(C2)C4)C3)cc1,2.77
*c1cc2c(C(=O)N(C2=O)c2cc(ccc2)P(=O)(c2cc(ccc2)N2C(=O)c3c(C2=O)cc(cc3)C(=O)*)c2ccc(cc2)Oc2ccc(cc2)C23CC4CC(CC(C2)C4)C3)cc1,2.98
*N1C(=O)c2c(C1=O)cc(cc2)Oc1cc2c(C(=O)N(C2=O)c2cc(ccc2)P(=O)(c2cc(ccc2)*)c2ccc(cc2)Oc2ccc(cc2)C23CC4CC(CC(C2)C4)C3)cc1,2.98
*n1c(=O)c2cc3c(cc2c1=O)c(=O)n(c3=O)c1cc(ccc1)P(=O)(c1cc(ccc1)*)c1ccc(cc1)Oc1ccc(cc1)C12CC3CC(CC(C1)C3)C2,3.01
*N1C(=O)c2c(C1=O)cc(cc2)Oc1ccc(cc1)C(c1ccc(cc1)Oc1cc2c(C(=O)N(C2=O)c2ccc(cc2)Oc2ccc(cc2)c2ccc(cc2)Oc2ccc(cc2)*)cc1)(C(F)(F)F)C(F)(F)F,3.175
*N1C(=O)C2C3C4C(C(C2C1=O)C=C3)C(=O)N(C4=O)C12CC3(CC(CC(C1)C3)C2)*,2.52
*N1C(=O)C2C3C4C(C(C2C1=O)C=C3)C(=O)N(C4=O)C12CC3C(C(CC(C1)C3)C2)C1C2CC3(CC(CC1C3)C2)*,2.63
*N1C(=O)C2C3C4C(C(C2C1=O)C=C3)C(=O)N(C4=O)C(C*)C,2.89
*N1C(=O)C2C3C4C(C(C2C1=O)C=C3)C(=O)N(C4=O)CCC*,2.92
*N1C(=O)C2C3C4C(C(C2C1=O)C=C3)C(=O)N(C4=O)CCCC*,2.86
*N1C(=O)C2C3C4C(C(C2C1=O)C=C3)C(=O)N(C4=O)CCCCCCCCCC*,2.74
*N1C(=O)C2C3C4C(C(C2C1=O)C=C3)C(=O)N(C4=O)C1C(CCCC1)*,2.62
*N1C(=O)C2C3C4C(C(C2C1=O)C=C3)C(=O)N(C4=O)C1CCC(CC1)*,2.64
*N1C(=O)C2C3C4C(C(C2C1=O)C=C3)C(=O)N(C4=O)C1CCC(CC1)CC1CCC(CC1)*,2.58
*N1C(=O)C2C3C4C(C(C2C1=O)C=C3)C(=O)N(C4=O)C1C(CC(CC1)CC1CC(C(CC1)*)C)C,2.57
*N1C(=O)c2c(C1=O)cc(cc2)Oc1ccc(cc1)C(c1ccc(cc1)Oc1cc2c(C(=O)N(C2=O)c2ccc(cc2)Oc2c(c(ccc2)Oc2ccc(cc2)*)C#N)cc1)(C)C,3.63
*N1C(=O)c2c(C1=O)cc(cc2)c1cc2c(C(=O)N(C2=O)c2ccc(cc2)Oc2c(c(ccc2)Oc2ccc(cc2)*)C#N)cc1,3.79
*c1cc2c(C(=O)N(C2=O)c2ccc(cc2)Oc2c(c(ccc2)Oc2ccc(cc2)N2C(=O)c3c(C2=O)cc(cc3)C(=O)*)C#N)cc1,3.94
*c1cc2c(C(=O)N(C2=O)c2ccc(cc2)Oc2c(c(ccc2)Oc2ccc(cc2)N2C(=O)c3c(C2=O)cc(cc3)C(*)(C(F)(F)F)C(F)(F)F)C#N)cc1,3.71
*n1c(=O)c2cc3c(cc2c1=O)c(=O)n(c3=O)c1ccc(cc1)Oc1c(c(ccc1)Oc1ccc(cc1)*)C#N,4.12
*n1c(=O)c2cc3c(cc2c1=O)c(=O)n(c3=O)c1nc(ccc1)*,3.11
*N1C(=O)C2C(C1=O)C(=CC(C2)C1C(=O)N(C(=O)C1)c1ccc(cc1)Cc1ccc(cc1)*)C,4.949625
*C1C(=O)N(C(=O)C1C(C*)c1ccccc1)c1ccc(cc1)C(=O)Oc1ccc(cc1)C=Nc1ccc(cc1)N=Nc1ccccc1,4.8805
*c1cc2c(C(=O)N(C2=O)c2ccc(cc2)N2C(=O)c3c(C2=O)cc(cc3)C(=O)Oc2ccc(cc2)OC(=O)*)cc1,3.22
*c1cc2c(C(=O)N(C2=O)C2CCC(CC2)N2C(=O)c3c(C2=O)cc(cc3)C(=O)Oc2ccc(cc2)OC(=O)*)cc1,3.04
*c1cc2c(C(=O)N(C2=O)c2cc(c(cc2)c2c(cc(cc2)N2C(=O)c3c(C2=O)cc(cc3)C(=O)Oc2ccc(cc2)OC(=O)*)C(F)(F)F)C(F)(F)F)cc1,2.99
*n1c(=O)c2cc3c(cc2c1=O)c(=O)n(c3=O)c1ccc(cc1)OC(=O)c1ccc(cc1)*,3.29
*N1C(=O)c2c(C1=O)cc(cc2)c1cc2c(C(=O)N(C2=O)c2ccc(cc2)OC(=O)c2ccc(cc2)*)cc1,3.28
*c1cc2c(C(=O)N(C2=O)c2ccc(cc2)OC(=O)c2ccc(cc2)N2C(=O)c3c(C2=O)cc(cc3)C(=O)Oc2ccc(cc2)OC(=O)*)cc1,3.245
*n1c(=O)c2cc3c(cc2c1=O)c(=O)n(c3=O)c1ccc(cc1)NC(=O)c1ccc(cc1)*,3.17
*N1C(=O)c2c(C1=O)cc(cc2)c1cc2c(C(=O)N(C2=O)c2ccc(cc2)NC(=O)c2ccc(cc2)*)cc1,3.28
*c1cc2c(C(=O)N(C2=O)c2ccc(cc2)NC(=O)c2ccc(cc2)N2C(=O)c3c(C2=O)cc(cc3)C(=O)Oc2ccc(cc2)OC(=O)*)cc1,3.27
*n1c(=O)c2cc3c(cc2c1=O)c(=O)n(c3=O)c1ccc(cc1)Oc1c(cc(cc1C(C)(C)C)c1ccc(cc1)*)C(C)(C)C,2.95
*c1cc2c(C(=O)N(C2=O)c2ccc(cc2)Oc2c(cc(cc2C(C)(C)C)c2ccc(cc2)N2C(=O)c3c(C2=O)cc(cc3)C(=O)*)C(C)(C)C)cc1,3.1
*N1C(=O)c2c(C1=O)cc(cc2)Oc1cc2c(C(=O)N(C2=O)c2ccc(cc2)Oc2c(cc(cc2C(C)(C)C)c2ccc(cc2)*)C(C)(C)C)cc1,2.98
*c1cc2c(C(=O)N(C2=O)c2ccc(cc2)Oc2c(cc(cc2C(C)(C)C)c2ccc(cc2)N2C(=O)c3c(C2=O)cc(cc3)C(*)(C(F)(F)F)C(F)(F)F)C(C)(C)C)cc1,2.82
*N1C(=O)c2c(C1=O)cc(cc2)c1cc2c(C(=O)N(C2=O)c2ccc(cc2)Oc2c(cc(cc2C(C)(C)C)c2ccc(cc2)*)C(C)(C)C)cc1,3.05
*N1C(=O)c2c(C1=O)cc(cc2)S(=O)(=O)c1cc2c(C(=O)N(C2=O)c2ccc(cc2)Oc2c(cc(cc2C(C)(C)C)c2ccc(cc2)*)C(C)(C)C)cc1,3.11
*n1c(=O)c2cc3c(cc2c1=O)c(=O)n(c3=O)c1cc(c(cc1)Oc1c(cc(cc1C(C)(C)C)c1ccc(cc1)*)C(C)(C)C)C(F)(F)F,2.93
*c1cc2c(C(=O)N(C2=O)c2cc(c(cc2)Oc2c(cc(cc2C(C)(C)C)c2ccc(cc2)N2C(=O)c3c(C2=O)cc(cc3)C(=O)*)C(C)(C)C)C(F)(F)F)cc1,3.02
*N1C(=O)c2c(C1=O)cc(cc2)Oc1cc2c(C(=O)N(C2=O)c2cc(c(cc2)Oc2c(cc(cc2C(C)(C)C)c2ccc(cc2)*)C(C)(C)C)C(F)(F)F)cc1,2.85
*c1cc2c(C(=O)N(C2=O)c2cc(c(cc2)Oc2c(cc(cc2C(C)(C)C)c2ccc(cc2)N2C(=O)c3c(C2=O)cc(cc3)C(*)(C(F)(F)F)C(F)(F)F)C(C)(C)C)C(F)(F)F)cc1,2.75
*N1C(=O)c2c(C1=O)cc(cc2)c1cc2c(C(=O)N(C2=O)c2cc(c(cc2)Oc2c(cc(cc2C(C)(C)C)c2ccc(cc2)*)C(C)(C)C)C(F)(F)F)cc1,2.95
*N1C(=O)c2c(C1=O)cc(cc2)S(=O)(=O)c1cc2c(C(=O)N(C2=O)c2cc(c(cc2)Oc2c(cc(cc2C(C)(C)C)c2ccc(cc2)*)C(C)(C)C)C(F)(F)F)cc1,3.01
*N1C(=O)c2ccc3C(=O)N(C(=O)c4ccc(C1=O)c2c34)c1cc(c(cc1)Oc1c(cc(cc1C(C)(C)C)c1ccc(cc1)*)C(C)(C)C)C(F)(F)F,2.94
*c1oc(nn1)c1ccc(cc1)Oc1ccc(cc1)N1C(=O)c2c(C1=O)cc(cc2)[Si](O[Si](c1cc2c(C(=O)N(C2=O)c2ccc(cc2)Oc2ccc(cc2)*)cc1)(C)C)(C)C,2.88
*c1oc(nn1)c1ccc(cc1)Oc1cc(ccc1)N1C(=O)c2c(C1=O)cc(cc2)[Si](O[Si](c1cc2c(C(=O)N(C2=O)c2cc(ccc2)Oc2ccc(cc2)*)cc1)(C)C)(C)C,2.73
*c1cc2c(C(=O)N(C2=O)c2cc(cc(c2)C(=O)NC(COCCC#N)(COCCC#N)COCCC#N)N2C(=O)c3c(C2=O)cc(cc3)C(*)(C(F)(F)F)C(F)(F)F)cc1,2.16
*c1cc2c(C(=O)N(C2=O)c2ccc(cc2)Oc2ccc(cc2)C(c2ccc(cc2)Oc2ccc(cc2)N2C(=O)c3c(C2=O)cc(cc3)C(*)(C)C)(C)C)cc1,3.105714286
*N1C(=O)c2c(C1=O)cc(cc2)c1cc2c(C(=O)N(C2=O)c2ccc(cc2)Oc2c(cc(cc2)S(=O)(=O)c2cc(c(cc2)Oc2ccc(cc2)*)c2cc(cc(c2)C(F)(F)F)C(F)(F)F)c2cc(cc(c2)C(F)(F)F)C(F)(F)F)cc1,2.83
*c1cc2c(C(=O)N(C2=O)c2ccc(cc2)Oc2c(cc(cc2)S(=O)(=O)c2cc(c(cc2)Oc2ccc(cc2)N2C(=O)c3c(C2=O)cc(cc3)C(=O)*)c2cc(cc(c2)C(F)(F)F)C(F)(F)F)c2cc(cc(c2)C(F)(F)F)C(F)(F)F)cc1,2.9
*N1C(=O)c2c(C1=O)cc(cc2)Oc1cc2c(C(=O)N(C2=O)c2ccc(cc2)Oc2c(cc(cc2)S(=O)(=O)c2cc(c(cc2)Oc2ccc(cc2)*)c2cc(cc(c2)C(F)(F)F)C(F)(F)F)c2cc(cc(c2)C(F)(F)F)C(F)(F)F)cc1,2.74
*n1c(=O)c2cc3c(cc2c1=O)c(=O)n(c3=O)c1cc(c(cc1)Oc1ccc(cc1)c1[nH]c(nc1c1ccc(cc1)Oc1c(cc(cc1)*)C(F)(F)F)c1ccc(cc1)C(F)(F)F)C(F)(F)F,2.76
*c1cc2c(C(=O)N(C2=O)c2cc(c(cc2)Oc2ccc(cc2)c2[nH]c(nc2c2ccc(cc2)Oc2c(cc(cc2)N2C(=O)c3c(C2=O)cc(cc3)C(=O)*)C(F)(F)F)c2ccc(cc2)C(F)(F)F)C(F)(F)F)cc1,2.68
*c1cc2c(C(=O)N(C2=O)c2cc(c(cc2)Oc2ccc(cc2)c2[nH]c(nc2c2ccc(cc2)Oc2c(cc(cc2)N2C(=O)c3c(C2=O)cc(cc3)C(*)(C(F)(F)F)C(F)(F)F)C(F)(F)F)c2ccc(cc2)C(F)(F)F)C(F)(F)F)cc1,2.6
*c1cc2c(C(=O)N(C2=O)c2cc(c(cc2)OCC2(C(C(CC2)COc2c(cc(cc2)N2C(=O)c3c(C2=O)cc(cc3)C(=O)OCC2C(C(CC2)(COC(=O)*)C)(C)C)C(F)(F)F)(C)C)C)C(F)(F)F)cc1,2.945
*c1cc2c(C(=O)N(C2=O)c2ccc(cc2)Oc2ccc(cc2)Oc2ccc(cc2)N2C(=O)c3c(C2=O)cc(cc3)C(=O)OCC2(C(C(CC2)COC(=O)*)(C)C)C)cc1,3.45
*N1C(=O)c2c(C1=O)cc(cc2)Oc1c(cc(cc1Br)C(c1cc(c(c(c1)Br)Oc1cc2c(C(=O)N(C2=O)c2cc(ccc2)Oc2ccc(cc2)S(=O)(=O)c2ccc(cc2)Oc2cc(ccc2)*)cc1)Br)(C)C)Br,3.62
*N1C(=O)c2c(C1=O)cc(cc2)Oc1ccc(cc1)C(c1ccc(cc1)Oc1cc2c(C(=O)N(C2=O)c2cc(ccc2)Oc2ccc(cc2)S(=O)(=O)c2ccc(cc2)Oc2cc(ccc2)*)cc1)(C)C,3.278333333
*c1cc2c(C(=O)N(C2=O)c2ccc(cc2)Oc2ncc(cc2)C(=O)Nc2ccc(cc2)NC(=O)c2ccc(nc2)Oc2ccc(cc2)N2C(=O)c3c(C2=O)cc(cc3)C(*)(C(F)(F)F)C(F)(F)F)cc1,2.86
*Oc1c(cc(cc1)C1(C2CCC(C1)C2)c1cc(c(cc1)OC(=O)*)Cl)Cl,3.31
*Oc1c(cc(cc1Cl)C1(C2CCC(C1)C2)c1cc(c(c(c1)Cl)OC(=O)*)Cl)Cl,3.05
*Oc1c(cc(cc1Br)C1(C2CCC(C1)C2)c1cc(c(c(c1)Br)OC(=O)*)Br)Br,3.04
*Oc1ccc(cc1)C1(C2C3C(CCC3)C(C1)C2)c1ccc(cc1)OC(=O)*,2.87
*Oc1c(cc(cc1)c1ccc(cc1)C(c1ccc(cc1)c1cc(c(cc1)OC(=O)*)F)(C)C)F,3.3
*c1ncc(nc1)C1C(C(C1c1ccccc1)*)c1ccccc1,2.72
*Nc1ccc(cc1)*,5.689666667
*Nc1c(cc(cc1)*)C,3
*N(c1ccc(cc1)Cc1ccc(cc1)*)Cc1ccccc1,2.25
*Nc1ccc(cc1)c1ccc(cc1)NC(=C(C#N)C#N)c1ccc(cc1)c1ccc(cc1)C(=C(C#N)C#N)*,4.766666667
*Nc1c(cc(cc1)c1cc(c(cc1)NC(=C(C#N)C#N)c1ccc(cc1)c1ccc(cc1)C(=C(C#N)C#N)*)OC)OC,4.115
*Nc1cc(ccc1)NC(=C(C#N)C#N)c1cc(ccc1)C(=C(C#N)C#N)*,5.27
*Nc1ccc(cc1)/C=C/c1ccc(cc1)NC(=C(C#N)C#N)c1ccc(cc1)C(=C(C#N)C#N)*,4.91
*Nc1ccc(cc1)C(c1cc(ccc1)C(c1ccc(cc1)NC(=C(C#N)C#N)c1ccc(cc1)C(=C(C#N)C#N)*)(C)C)(C)C,3.67
*Nc1c(cc(cc1)c1cc(c(cc1)NC(=C(C#N)C#N)c1ccc(cc1)C(=C(C#N)C#N)*)OC)OC,4.04
*N=C1c2c3c(cccc3ccc2)C1=Nc1ccc(cc1)*,3.7
*[NH+](CC*)CCCCCCOc1ccc(cc1)N=Nc1ccc(cc1)C,2
*c1cc(ccc1)C=C*,5.45
*c1c(cc(c(c1)OC)C=C*)OCCCCCCCCCCOc1ccc(cc1)c1ccc(cc1)OCCCCCCCCCC,3.4
